mc	mn	mc_onset	mn_onset	timesig	staff	voice	duration	nominal_duration	scalar	tied	tpc	midi	chord_id
1	1	0	0	3/4	2	1	1/4	1/4	1		4	52	5
1	1	0	0	3/4	1	2	1/4	1/4	1		2	62	2
1	1	0	0	3/4	1	2	1/4	1/4	1		4	64	2
1	1	0	0	3/4	1	2	1/4	1/4	1		8	68	2
1	1	0	0	3/4	1	2	1/4	1/4	1		5	71	2
1	1	1/4	1/4	3/4	2	1	1/4	1/4	1		4	52	6
1	1	1/4	1/4	3/4	1	2	1/4	1/4	1		2	62	3
1	1	1/4	1/4	3/4	1	2	1/4	1/4	1		4	64	3
1	1	1/4	1/4	3/4	1	2	1/4	1/4	1		8	68	3
1	1	1/4	1/4	3/4	1	2	1/4	1/4	1		5	71	3
1	1	1/2	1/2	3/4	2	1	1/4	1/4	1		4	52	7
1	1	1/2	1/2	3/4	1	2	1/4	1/4	1		2	62	4
1	1	1/2	1/2	3/4	1	2	1/4	1/4	1		4	64	4
1	1	1/2	1/2	3/4	1	2	1/4	1/4	1		8	68	4
1	1	1/2	1/2	3/4	1	1	3/16	1/8	3/2		0	72	0
1	1	11/16	11/16	3/4	1	1	1/16	1/16	1		5	71	1
2	2	0	0	3/4	2	1	3/4	1/2	3/2		3	45	13
2	2	0	0	3/4	2	1	3/4	1/2	3/2		4	52	13
2	2	0	0	3/4	1	2	3/4	1/2	3/2		0	60	12
2	2	0	0	3/4	1	2	3/4	1/2	3/2		4	64	12
2	2	0	0	3/4	1	1	1/4	1/4	1		5	71	8
2	2	1/4	1/4	3/4	1	1	3/16	1/8	3/2		3	69	9
2	2	7/16	7/16	3/4	1	1	1/16	1/16	1		8	68	10
2	2	1/2	1/2	3/4	1	1	1/4	1/4	1		3	69	11
3	3	0	0	3/4	2	2	1/4	1/4	1		5	47	21
3	3	0	0	3/4	2	1	1/4	1/4	1		3	57	18
3	3	0	0	3/4	2	1	1/4	1/4	1		5	59	18
3	3	0	0	3/4	1	1	1/4	1/4	1		9	63	14
3	3	0	0	3/4	1	1	1/4	1/4	1		6	66	14
3	3	1/4	1/4	3/4	2	2	1/4	1/4	1		5	47	22
3	3	1/4	1/4	3/4	2	1	1/4	1/4	1		3	57	19
3	3	1/4	1/4	3/4	2	1	1/4	1/4	1		5	59	19
3	3	1/4	1/4	3/4	1	1	1/4	1/4	1		9	63	15
3	3	1/4	1/4	3/4	1	1	1/4	1/4	1		6	66	15
3	3	1/2	1/2	3/4	2	2	1/4	1/4	1		5	47	23
3	3	1/2	1/2	3/4	2	1	1/4	1/4	1		3	57	20
3	3	1/2	1/2	3/4	2	1	1/4	1/4	1		5	59	20
3	3	1/2	1/2	3/4	2	1	1/4	1/4	1		9	63	20
3	3	1/2	1/2	3/4	1	1	3/16	1/8	3/2		1	67	16
3	3	11/16	11/16	3/4	1	1	1/16	1/16	1		6	66	17
4	4	0	0	3/4	2	2	3/4	1/2	3/2		4	40	31
4	4	0	0	3/4	2	2	3/4	1/2	3/2		4	52	31
4	4	0	0	3/4	2	1	1/4	1/4	1		3	57	29
4	4	0	0	3/4	2	1	1/4	1/4	1		0	60	29
4	4	0	0	3/4	1	1	1/8	1/8	1		6	66	24
4	4	1/8	1/8	3/4	1	1	1/8	1/8	1		4	64	25
4	4	1/4	1/4	3/4	2	1	1/2	1/2	1		1	55	30
4	4	1/4	1/4	3/4	2	1	1/2	1/2	1		5	59	30
4	4	1/4	1/4	3/4	1	1	1/8	1/8	1		4	64	26
4	4	3/8	3/8	3/4	1	1	1/8	1/8	1		9	63	27
4	4	1/2	1/2	3/4	1	1	1/4	1/4	1		4	64	28
5	5	0	0	3/4	2	1	1/4	1/4	1		4	52	37
5	5	0	0	3/4	1	2	1/4	1/4	1		2	62	34
5	5	0	0	3/4	1	2	1/4	1/4	1		4	64	34
5	5	0	0	3/4	1	2	1/4	1/4	1		8	68	34
5	5	0	0	3/4	1	2	1/4	1/4	1		5	71	34
5	5	1/4	1/4	3/4	2	1	1/4	1/4	1		4	52	38
5	5	1/4	1/4	3/4	1	2	1/4	1/4	1		2	62	35
5	5	1/4	1/4	3/4	1	2	1/4	1/4	1		4	64	35
5	5	1/4	1/4	3/4	1	2	1/4	1/4	1		8	68	35
5	5	1/4	1/4	3/4	1	2	1/4	1/4	1		5	71	35
5	5	1/2	1/2	3/4	2	1	1/4	1/4	1		4	52	39
5	5	1/2	1/2	3/4	1	2	1/4	1/4	1		2	62	36
5	5	1/2	1/2	3/4	1	2	1/4	1/4	1		4	64	36
5	5	1/2	1/2	3/4	1	2	1/4	1/4	1		8	68	36
5	5	1/2	1/2	3/4	1	1	3/16	1/8	3/2		0	72	32
5	5	11/16	11/16	3/4	1	1	1/16	1/16	1		5	71	33
6	6	0	0	3/4	2	1	3/4	1/2	3/2		3	45	47
6	6	0	0	3/4	2	1	3/4	1/2	3/2		4	52	47
6	6	0	0	3/4	1	2	1/4	1/4	1		2	62	45
6	6	0	0	3/4	1	2	1/4	1/4	1		4	64	45
6	6	0	0	3/4	1	2	1/4	1/4	1		8	68	45
6	6	0	0	3/4	1	1	1/8	1/8	1		4	76	40
6	6	1/8	1/8	3/4	1	1	1/8	1/8	1		5	71	41
6	6	1/4	1/4	3/4	1	2	1/2	1/2	1		0	60	46
6	6	1/4	1/4	3/4	1	1	1/8	1/8	1		3	69	42
6	6	3/8	3/8	3/4	1	1	1/8	1/8	1		8	68	43
6	6	1/2	1/2	3/4	1	1	1/4	1/4	1		3	69	44
7	7	0	0	3/4	2	1	1/8	1/8	1		0	60	53
7	7	0	0	3/4	1	1	1/8	1/8	1		0	72	48
7	7	1/8	1/8	3/4	2	1	1/8	1/8	1		1	55	54
7	7	1/8	1/8	3/4	1	1	1/8	1/8	1		1	67	49
7	7	1/4	1/4	3/4	2	1	1/4	1/4	1		-1	53	55
7	7	1/4	1/4	3/4	1	1	1/4	1/4	1		-1	65	50
7	7	1/2	1/2	3/4	2	1	3/16	1/8	3/2		4	52	56
7	7	1/2	1/2	3/4	1	1	3/16	1/8	3/2		4	64	51
7	7	11/16	11/16	3/4	2	1	1/16	1/16	1		1	55	57
7	7	11/16	11/16	3/4	1	1	1/16	1/16	1		1	67	52
8	8	0	0	3/4	2	1	1/4	1/4	1		4	52	60
8	8	0	0	3/4	1	1	1/2	1/2	1		4	64	58
8	8	1/4	1/4	3/4	2	2	1/4	1/4	1		4	40	62
8	8	1/4	1/4	3/4	2	2	1/4	1/4	1		5	47	62
8	8	1/4	1/4	3/4	2	1	1/4	1/4	1		1	55	61
8	8	1/4	1/4	3/4	2	1	1/4	1/4	1		5	59	61
8	8	1/2	1/2	3/4	1	1	1/4	1/4	1		5	71	59
9	9	0	0	3/4	1	2	1/4	1/4	1		5	71	66
9	9	1/4	1/4	3/4	2	1	1/4	1/4	1		4	52	69
9	9	1/4	1/4	3/4	1	2	1/4	1/4	1		2	62	67
9	9	1/4	1/4	3/4	1	2	1/4	1/4	1		4	64	67
9	9	1/4	1/4	3/4	1	2	1/4	1/4	1		8	68	67
9	9	1/4	1/4	3/4	1	1	1/4	1/4	1		5	71	63
9	9	1/2	1/2	3/4	2	1	1/4	1/4	1		4	52	70
9	9	1/2	1/2	3/4	1	2	1/4	1/4	1		2	62	68
9	9	1/2	1/2	3/4	1	2	1/4	1/4	1		4	64	68
9	9	1/2	1/2	3/4	1	2	1/4	1/4	1		8	68	68
9	9	1/2	1/2	3/4	1	1	3/16	1/8	3/2		0	72	64
9	9	11/16	11/16	3/4	1	1	1/16	1/16	1		5	71	65
10	10	0	0	3/4	2	1	3/4	1/2	3/2		3	45	76
10	10	0	0	3/4	2	1	3/4	1/2	3/2		4	52	76
10	10	0	0	3/4	1	2	3/4	1/2	3/2		0	60	75
10	10	0	0	3/4	1	2	3/4	1/2	3/2		4	64	75
10	10	0	0	3/4	1	1	1/4	1/4	1		5	71	71
10	10	1/4	1/4	3/4	1	1	3/16	1/8	3/2		3	69	72
10	10	7/16	7/16	3/4	1	1	1/16	1/16	1		8	68	73
10	10	1/2	1/2	3/4	1	1	1/4	1/4	1		3	69	74
11	11	0	0	3/4	2	2	1/4	1/4	1		5	47	84
11	11	0	0	3/4	2	1	1/4	1/4	1		3	57	81
11	11	0	0	3/4	2	1	1/4	1/4	1		5	59	81
11	11	0	0	3/4	1	1	1/4	1/4	1		9	63	77
11	11	0	0	3/4	1	1	1/4	1/4	1		6	66	77
11	11	1/4	1/4	3/4	2	2	1/4	1/4	1		5	47	85
11	11	1/4	1/4	3/4	2	1	1/4	1/4	1		3	57	82
11	11	1/4	1/4	3/4	2	1	1/4	1/4	1		5	59	82
11	11	1/4	1/4	3/4	1	1	1/4	1/4	1		9	63	78
11	11	1/4	1/4	3/4	1	1	1/4	1/4	1		6	66	78
11	11	1/2	1/2	3/4	2	2	1/4	1/4	1		5	47	86
11	11	1/2	1/2	3/4	2	1	1/4	1/4	1		3	57	83
11	11	1/2	1/2	3/4	2	1	1/4	1/4	1		5	59	83
11	11	1/2	1/2	3/4	2	1	1/4	1/4	1		9	63	83
11	11	1/2	1/2	3/4	1	1	3/16	1/8	3/2		1	67	79
11	11	11/16	11/16	3/4	1	1	1/16	1/16	1		6	66	80
12	12	0	0	3/4	2	2	3/4	1/2	3/2		4	40	95
12	12	0	0	3/4	2	2	3/4	1/2	3/2		4	52	95
12	12	0	0	3/4	2	1	1/4	1/4	1		3	57	93
12	12	0	0	3/4	2	1	1/4	1/4	1		0	60	93
12	12	0	0	3/4	1	1	1/8	1/8	1		6	66	87
12	12	1/8	1/8	3/4	1	1	1/8	1/8	1		4	64	88
12	12	1/4	1/4	3/4	2	1	1/2	1/2	1		1	55	94
12	12	1/4	1/4	3/4	2	1	1/2	1/2	1		5	59	94
12	12	1/4	1/4	3/4	1	1	1/8	1/8	1		4	64	89
12	12	3/8	3/8	3/4	1	1	1/8	1/8	1		9	63	90
12	12	1/2	1/2	3/4	1	1	1/8	1/8	1		4	64	91
12	12	5/8	5/8	3/4	1	1	1/8	1/8	1		1	67	92
13	13	0	0	3/4	1	2	1/4	1/4	1		5	71	99
13	13	1/4	1/4	3/4	2	1	1/4	1/4	1		4	52	102
13	13	1/4	1/4	3/4	1	2	1/4	1/4	1		2	62	100
13	13	1/4	1/4	3/4	1	2	1/4	1/4	1		4	64	100
13	13	1/4	1/4	3/4	1	2	1/4	1/4	1		8	68	100
13	13	1/4	1/4	3/4	1	1	1/4	1/4	1		5	71	96
13	13	1/2	1/2	3/4	2	1	1/4	1/4	1		4	52	103
13	13	1/2	1/2	3/4	1	2	1/4	1/4	1		2	62	101
13	13	1/2	1/2	3/4	1	2	1/4	1/4	1		4	64	101
13	13	1/2	1/2	3/4	1	2	1/4	1/4	1		8	68	101
13	13	1/2	1/2	3/4	1	1	3/16	1/8	3/2		0	72	97
13	13	11/16	11/16	3/4	1	1	1/16	1/16	1		5	71	98
14	14	0	0	3/4	2	1	3/4	1/2	3/2		3	45	111
14	14	0	0	3/4	2	1	3/4	1/2	3/2		4	52	111
14	14	0	0	3/4	1	2	1/4	1/4	1		2	62	109
14	14	0	0	3/4	1	2	1/4	1/4	1		4	64	109
14	14	0	0	3/4	1	2	1/4	1/4	1		8	68	109
14	14	0	0	3/4	1	1	1/8	1/8	1		4	76	104
14	14	1/8	1/8	3/4	1	1	1/8	1/8	1		5	71	105
14	14	1/4	1/4	3/4	1	2	1/2	1/2	1		0	60	110
14	14	1/4	1/4	3/4	1	1	1/8	1/8	1		3	69	106
14	14	3/8	3/8	3/4	1	1	1/8	1/8	1		8	68	107
14	14	1/2	1/2	3/4	1	1	1/4	1/4	1		3	69	108
15	15	0	0	3/4	2	1	1/8	1/8	1		0	60	117
15	15	0	0	3/4	1	1	1/8	1/8	1		0	72	112
15	15	1/8	1/8	3/4	2	1	1/8	1/8	1		1	55	118
15	15	1/8	1/8	3/4	1	1	1/8	1/8	1		1	67	113
15	15	1/4	1/4	3/4	2	1	1/4	1/4	1		-1	53	119
15	15	1/4	1/4	3/4	1	1	1/4	1/4	1		-1	65	114
15	15	1/2	1/2	3/4	2	1	3/16	1/8	3/2		4	52	120
15	15	1/2	1/2	3/4	1	1	3/16	1/8	3/2		4	64	115
15	15	11/16	11/16	3/4	2	1	1/16	1/16	1		1	55	121
15	15	11/16	11/16	3/4	1	1	1/16	1/16	1		1	67	116
16	16	0	0	3/4	2	2	3/4	1/2	3/2		4	52	125
16	16	0	0	3/4	1	1	3/4	1/2	3/2		4	64	122
16	16	1/4	1/4	3/4	2	3	1/4	1/4	1		4	40	126
16	16	1/4	1/4	3/4	2	3	1/4	1/4	1		5	47	126
16	16	1/4	1/4	3/4	2	1	1/4	1/4	1		1	55	123
16	16	1/4	1/4	3/4	2	1	1/4	1/4	1		5	59	123
16	16	1/2	1/2	3/4	2	3	1/4	1/4	1		4	40	127
16	16	1/2	1/2	3/4	2	3	1/4	1/4	1	1	5	47	127
16	16	1/2	1/2	3/4	2	1	1/4	1/4	1		1	55	124
16	16	1/2	1/2	3/4	2	1	1/4	1/4	1		5	59	124
17	17	0	0	3/4	2	2	1/4	1/4	1		5	35	131
17	17	0	0	3/4	2	2	1/4	1/4	1	-1	5	47	131
17	17	0	0	3/4	1	1	1/2	1/2	1		9	63	128
17	17	1/4	1/4	3/4	2	2	1/4	1/4	1		5	47	132
17	17	1/4	1/4	3/4	2	1	1/4	1/4	1		6	54	130
17	17	1/4	1/4	3/4	2	1	1/4	1/4	1		5	59	130
17	17	1/2	1/2	3/4	2	2	1/4	1/4	1	1	5	47	133
17	17	1/2	1/2	3/4	2	2	1/4	1/4	1	1	6	54	133
17	17	1/2	1/2	3/4	1	1	1/4	1/4	1		7	61	129
17	17	1/2	1/2	3/4	1	1	1/4	1/4	1		4	64	129
18	18	0	0	3/4	2	1	1/4	1/4	1	-1	5	47	139
18	18	0	0	3/4	2	1	1/4	1/4	1	-1	6	54	139
18	18	0	0	3/4	1	1	1/4	1/4	1		9	63	134
18	18	0	0	3/4	1	1	1/4	1/4	1		6	66	134
18	18	1/4	1/4	3/4	2	1	1/4	1/4	1		5	47	140
18	18	1/4	1/4	3/4	2	1	1/4	1/4	1		6	54	140
18	18	1/4	1/4	3/4	2	1	1/4	1/4	1		5	59	140
18	18	1/4	1/4	3/4	1	2	1/4	1/4	1		9	63	137
18	18	1/4	1/4	3/4	1	2	1/4	1/4	1		6	66	137
18	18	1/4	1/4	3/4	1	1	7/16	1/4	7/4		9	75	135
18	18	1/2	1/2	3/4	2	1	1/4	1/4	1	1	5	47	141
18	18	1/2	1/2	3/4	2	1	1/4	1/4	1		6	54	141
18	18	1/2	1/2	3/4	2	1	1/4	1/4	1	1	5	59	141
18	18	1/2	1/2	3/4	1	2	1/4	1/4	1	1	9	63	138
18	18	1/2	1/2	3/4	1	2	1/4	1/4	1	1	6	66	138
18	18	11/16	11/16	3/4	1	1	1/16	1/16	1		9	75	136
19	19	0	0	3/4	2	1	1/4	1/4	1	-1	5	47	147
19	19	0	0	3/4	2	1	1/4	1/4	1		6	54	147
19	19	0	0	3/4	2	1	1/4	1/4	1	-1	5	59	147
19	19	0	0	3/4	1	2	1/4	1/4	1	-1	9	63	144
19	19	0	0	3/4	1	2	1/4	1/4	1	-1	6	66	144
19	19	0	0	3/4	1	1	1/2	1/2	1		9	75	142
19	19	1/4	1/4	3/4	2	1	1/4	1/4	1		5	47	148
19	19	1/4	1/4	3/4	2	1	1/4	1/4	1		6	54	148
19	19	1/4	1/4	3/4	2	1	1/4	1/4	1		7	61	148
19	19	1/4	1/4	3/4	1	2	1/4	1/4	1		4	64	145
19	19	1/4	1/4	3/4	1	2	1/4	1/4	1		8	68	145
19	19	1/2	1/2	3/4	2	1	1/4	1/4	1	1	5	47	149
19	19	1/2	1/2	3/4	2	1	1/4	1/4	1	1	6	54	149
19	19	1/2	1/2	3/4	2	1	1/4	1/4	1	1	7	61	149
19	19	1/2	1/2	3/4	1	2	1/4	1/4	1	1	4	64	146
19	19	1/2	1/2	3/4	1	2	1/4	1/4	1	1	10	70	146
19	19	1/2	1/2	3/4	1	1	1/4	1/4	1		9	75	143
20	20	0	0	3/4	2	1	1/4	1/4	1	-1	5	47	155
20	20	0	0	3/4	2	1	1/4	1/4	1	-1	6	54	155
20	20	0	0	3/4	2	1	1/4	1/4	1	-1	7	61	155
20	20	0	0	3/4	1	2	1/4	1/4	1	-1	4	64	152
20	20	0	0	3/4	1	2	1/4	1/4	1	-1	10	70	152
20	20	0	0	3/4	1	1	1/2	1/2	1		9	75	150
20	20	1/4	1/4	3/4	2	1	1/4	1/4	1		5	47	156
20	20	1/4	1/4	3/4	2	1	1/4	1/4	1		6	54	156
20	20	1/4	1/4	3/4	2	1	1/4	1/4	1		7	61	156
20	20	1/4	1/4	3/4	1	2	1/4	1/4	1		4	64	153
20	20	1/4	1/4	3/4	1	2	1/4	1/4	1		8	68	153
20	20	1/2	1/2	3/4	2	1	1/4	1/4	1		5	47	157
20	20	1/2	1/2	3/4	2	1	1/4	1/4	1		6	54	157
20	20	1/2	1/2	3/4	2	1	1/4	1/4	1		7	61	157
20	20	1/2	1/2	3/4	1	2	1/4	1/4	1		4	64	154
20	20	1/2	1/2	3/4	1	2	1/4	1/4	1		10	70	154
20	20	1/2	1/2	3/4	1	1	1/4	1/4	1		9	75	151
21	21	0	0	3/4	2	1	1/4	1/4	1		5	35	163
21	21	0	0	3/4	1	1	1/4	1/4	1		9	63	158
21	21	0	0	3/4	1	1	1/4	1/4	1		5	71	158
21	21	0	0	3/4	1	1	1/4	1/4	1		9	75	158
21	21	1/4	1/4	3/4	2	1	1/4	1/4	1		5	47	164
21	21	1/4	1/4	3/4	2	1	1/4	1/4	1		6	54	164
21	21	1/4	1/4	3/4	1	1	1/8	1/8	1		5	59	159
21	21	1/4	1/4	3/4	1	1	1/8	1/8	1		9	63	159
21	21	3/8	3/8	3/4	1	1	1/8	1/8	1		7	61	160
21	21	3/8	3/8	3/4	1	1	1/8	1/8	1		4	64	160
21	21	1/2	1/2	3/4	2	1	1/4	1/4	1	1	5	47	165
21	21	1/2	1/2	3/4	2	1	1/4	1/4	1	1	6	54	165
21	21	1/2	1/2	3/4	1	1	1/8	1/8	1		6	66	161
21	21	1/2	1/2	3/4	1	1	1/8	1/8	1		10	70	161
21	21	5/8	5/8	3/4	1	1	1/8	1/8	1		4	64	162
21	21	5/8	5/8	3/4	1	1	1/8	1/8	1		8	68	162
22	22	0	0	3/4	2	1	1/4	1/4	1	-1	5	47	171
22	22	0	0	3/4	2	1	1/4	1/4	1	-1	6	54	171
22	22	0	0	3/4	1	1	1/4	1/4	1		9	63	166
22	22	0	0	3/4	1	1	1/4	1/4	1		6	66	166
22	22	1/4	1/4	3/4	2	1	1/4	1/4	1		5	47	172
22	22	1/4	1/4	3/4	2	1	1/4	1/4	1		6	54	172
22	22	1/4	1/4	3/4	2	1	1/4	1/4	1		5	59	172
22	22	1/4	1/4	3/4	1	2	1/4	1/4	1		9	63	169
22	22	1/4	1/4	3/4	1	2	1/4	1/4	1		6	66	169
22	22	1/4	1/4	3/4	1	1	7/16	1/4	7/4		9	75	167
22	22	1/2	1/2	3/4	2	1	1/4	1/4	1		5	47	173
22	22	1/2	1/2	3/4	2	1	1/4	1/4	1		6	54	173
22	22	1/2	1/2	3/4	2	1	1/4	1/4	1		5	59	173
22	22	1/2	1/2	3/4	1	2	1/4	1/4	1		9	63	170
22	22	1/2	1/2	3/4	1	2	1/4	1/4	1		6	66	170
22	22	11/16	11/16	3/4	1	1	1/16	1/16	1		9	75	168
23	23	0	0	3/4	1	1	1/2	1/2	1		9	75	174
23	23	1/4	1/4	3/4	2	1	1/4	1/4	1		9	51	178
23	23	1/4	1/4	3/4	2	1	1/4	1/4	1		10	58	178
23	23	1/4	1/4	3/4	1	2	1/4	1/4	1		11	65	176
23	23	1/4	1/4	3/4	1	2	1/4	1/4	1		8	68	176
23	23	1/2	1/2	3/4	2	1	1/4	1/4	1	1	9	51	179
23	23	1/2	1/2	3/4	2	1	1/4	1/4	1	1	10	58	179
23	23	1/2	1/2	3/4	1	2	1/4	1/4	1	1	6	66	177
23	23	1/2	1/2	3/4	1	2	1/4	1/4	1	1	10	70	177
23	23	1/2	1/2	3/4	1	1	1/4	1/4	1		9	75	175
24	24	0	0	3/4	2	1	1/4	1/4	1	-1	9	51	185
24	24	0	0	3/4	2	1	1/4	1/4	1	-1	10	58	185
24	24	0	0	3/4	1	2	1/4	1/4	1	-1	6	66	182
24	24	0	0	3/4	1	2	1/4	1/4	1	-1	10	70	182
24	24	0	0	3/4	1	1	1/2	1/2	1		9	75	180
24	24	1/4	1/4	3/4	2	1	1/4	1/4	1		9	51	186
24	24	1/4	1/4	3/4	2	1	1/4	1/4	1		10	58	186
24	24	1/4	1/4	3/4	1	2	1/4	1/4	1		11	65	183
24	24	1/4	1/4	3/4	1	2	1/4	1/4	1		8	68	183
24	24	1/2	1/2	3/4	2	1	1/4	1/4	1		9	51	187
24	24	1/2	1/2	3/4	2	1	1/4	1/4	1		10	58	187
24	24	1/2	1/2	3/4	1	2	1/4	1/4	1	1	6	66	184
24	24	1/2	1/2	3/4	1	2	1/4	1/4	1		10	70	184
24	24	1/2	1/2	3/4	1	1	1/4	1/4	1		9	75	181
25	25	0	0	3/4	2	1	1/4	1/4	1		5	35	192
25	25	0	0	3/4	1	2	1/4	1/4	1	-1	6	66	189
25	25	0	0	3/4	1	1	1/4	1/4	1		5	71	188
25	25	0	0	3/4	1	1	1/4	1/4	1		9	75	188
25	25	1/4	1/4	3/4	2	1	1/4	1/4	1		5	47	193
25	25	1/4	1/4	3/4	2	1	1/4	1/4	1		6	54	193
25	25	1/4	1/4	3/4	1	2	1/4	1/4	1		5	59	190
25	25	1/4	1/4	3/4	1	2	1/4	1/4	1		9	63	190
25	25	1/2	1/2	3/4	2	1	1/4	1/4	1	1	5	47	194
25	25	1/2	1/2	3/4	2	1	1/4	1/4	1	1	6	54	194
25	25	1/2	1/2	3/4	1	2	1/4	1/4	1		7	61	191
25	25	1/2	1/2	3/4	1	2	1/4	1/4	1		4	64	191
26	26	0	0	3/4	2	1	1/4	1/4	1	-1	5	47	200
26	26	0	0	3/4	2	1	1/4	1/4	1	-1	6	54	200
26	26	0	0	3/4	1	2	1/4	1/4	1		9	63	197
26	26	0	0	3/4	1	2	1/4	1/4	1		6	66	197
26	26	1/4	1/4	3/4	2	1	1/4	1/4	1		5	47	201
26	26	1/4	1/4	3/4	2	1	1/4	1/4	1		6	54	201
26	26	1/4	1/4	3/4	2	1	1/4	1/4	1		5	59	201
26	26	1/4	1/4	3/4	1	2	1/4	1/4	1		9	63	198
26	26	1/4	1/4	3/4	1	2	1/4	1/4	1		6	66	198
26	26	1/4	1/4	3/4	1	1	7/16	1/4	7/4		9	75	195
26	26	1/2	1/2	3/4	2	1	1/4	1/4	1	1	5	47	202
26	26	1/2	1/2	3/4	2	1	1/4	1/4	1	1	6	54	202
26	26	1/2	1/2	3/4	2	1	1/4	1/4	1	1	5	59	202
26	26	1/2	1/2	3/4	1	2	1/4	1/4	1	1	9	63	199
26	26	1/2	1/2	3/4	1	2	1/4	1/4	1	1	6	66	199
26	26	11/16	11/16	3/4	1	1	1/16	1/16	1		9	75	196
27	27	0	0	3/4	2	1	1/4	1/4	1	-1	5	47	208
27	27	0	0	3/4	2	1	1/4	1/4	1	-1	6	54	208
27	27	0	0	3/4	2	1	1/4	1/4	1	-1	5	59	208
27	27	0	0	3/4	1	2	1/4	1/4	1	-1	9	63	205
27	27	0	0	3/4	1	2	1/4	1/4	1	-1	6	66	205
27	27	0	0	3/4	1	1	1/2	1/2	1		9	75	203
27	27	1/4	1/4	3/4	2	1	1/4	1/4	1		5	47	209
27	27	1/4	1/4	3/4	2	1	1/4	1/4	1		6	54	209
27	27	1/4	1/4	3/4	2	1	1/4	1/4	1		7	61	209
27	27	1/4	1/4	3/4	1	2	1/4	1/4	1		4	64	206
27	27	1/4	1/4	3/4	1	2	1/4	1/4	1		8	68	206
27	27	1/2	1/2	3/4	2	1	1/4	1/4	1	1	5	47	210
27	27	1/2	1/2	3/4	2	1	1/4	1/4	1	1	6	54	210
27	27	1/2	1/2	3/4	2	1	1/4	1/4	1	1	7	61	210
27	27	1/2	1/2	3/4	1	2	1/4	1/4	1	1	4	64	207
27	27	1/2	1/2	3/4	1	2	1/4	1/4	1	1	10	70	207
27	27	1/2	1/2	3/4	1	1	1/4	1/4	1		9	75	204
28	28	0	0	3/4	2	1	1/4	1/4	1	-1	5	47	216
28	28	0	0	3/4	2	1	1/4	1/4	1	-1	6	54	216
28	28	0	0	3/4	2	1	1/4	1/4	1	-1	7	61	216
28	28	0	0	3/4	1	2	1/4	1/4	1	-1	4	64	213
28	28	0	0	3/4	1	2	1/4	1/4	1	-1	10	70	213
28	28	0	0	3/4	1	1	1/2	1/2	1		9	75	211
28	28	1/4	1/4	3/4	2	1	1/4	1/4	1		5	47	217
28	28	1/4	1/4	3/4	2	1	1/4	1/4	1		6	54	217
28	28	1/4	1/4	3/4	2	1	1/4	1/4	1		7	61	217
28	28	1/4	1/4	3/4	1	2	1/4	1/4	1		4	64	214
28	28	1/4	1/4	3/4	1	2	1/4	1/4	1		8	68	214
28	28	1/2	1/2	3/4	2	1	1/4	1/4	1		5	47	218
28	28	1/2	1/2	3/4	2	1	1/4	1/4	1		6	54	218
28	28	1/2	1/2	3/4	2	1	1/4	1/4	1		7	61	218
28	28	1/2	1/2	3/4	1	2	1/4	1/4	1		4	64	215
28	28	1/2	1/2	3/4	1	2	1/4	1/4	1		10	70	215
28	28	1/2	1/2	3/4	1	1	1/4	1/4	1		9	75	212
29	29	0	0	3/4	2	1	1/4	1/4	1		5	35	225
29	29	0	0	3/4	1	1	1/4	1/4	1		9	63	219
29	29	0	0	3/4	1	1	1/4	1/4	1		5	71	219
29	29	0	0	3/4	1	1	1/4	1/4	1		9	75	219
29	29	1/4	1/4	3/4	2	1	1/4	1/4	1		5	47	226
29	29	1/4	1/4	3/4	2	1	1/4	1/4	1		6	54	226
29	29	1/4	1/4	3/4	1	1	1/8	1/8	1		5	59	220
29	29	1/4	1/4	3/4	1	1	1/8	1/8	1		9	63	220
29	29	3/8	3/8	3/4	1	1	1/8	1/8	1		7	61	221
29	29	3/8	3/8	3/4	1	1	1/8	1/8	1		4	64	221
29	29	1/2	1/2	3/4	2	1	1/4	1/4	1	1	5	47	227
29	29	1/2	1/2	3/4	2	1	1/4	1/4	1	1	6	54	227
29	29	1/2	1/2	3/4	1	1	1/12	1/8	2/3		6	66	222
29	29	1/2	1/2	3/4	1	1	1/12	1/8	2/3		10	70	222
29	29	7/12	7/12	3/4	1	1	1/12	1/8	2/3		4	64	223
29	29	7/12	7/12	3/4	1	1	1/12	1/8	2/3		8	68	223
29	29	2/3	2/3	3/4	1	1	1/12	1/8	2/3		9	63	224
29	29	2/3	2/3	3/4	1	1	1/12	1/8	2/3		6	66	224
30	30	0	0	3/4	2	1	1/4	1/4	1	-1	5	47	233
30	30	0	0	3/4	2	1	1/4	1/4	1	-1	6	54	233
30	30	0	0	3/4	1	2	1/4	1/4	1		9	63	230
30	30	0	0	3/4	1	2	1/4	1/4	1		6	66	230
30	30	1/4	1/4	3/4	2	1	1/4	1/4	1		5	47	234
30	30	1/4	1/4	3/4	2	1	1/4	1/4	1		6	54	234
30	30	1/4	1/4	3/4	2	1	1/4	1/4	1		5	59	234
30	30	1/4	1/4	3/4	1	2	1/4	1/4	1		9	63	231
30	30	1/4	1/4	3/4	1	2	1/4	1/4	1		6	66	231
30	30	1/4	1/4	3/4	1	1	7/16	1/4	7/4		9	75	228
30	30	1/2	1/2	3/4	2	1	1/4	1/4	1		5	47	235
30	30	1/2	1/2	3/4	2	1	1/4	1/4	1		6	54	235
30	30	1/2	1/2	3/4	2	1	1/4	1/4	1		5	59	235
30	30	1/2	1/2	3/4	1	2	1/4	1/4	1		9	63	232
30	30	1/2	1/2	3/4	1	2	1/4	1/4	1		6	66	232
30	30	11/16	11/16	3/4	1	1	1/16	1/16	1		9	75	229
31	31	0	0	3/4	1	1	1/2	1/2	1		9	75	236
31	31	1/4	1/4	3/4	2	1	1/4	1/4	1		9	51	240
31	31	1/4	1/4	3/4	2	1	1/4	1/4	1		10	58	240
31	31	1/4	1/4	3/4	1	2	1/4	1/4	1		11	65	238
31	31	1/4	1/4	3/4	1	2	1/4	1/4	1		8	68	238
31	31	1/2	1/2	3/4	2	1	1/4	1/4	1	1	9	51	241
31	31	1/2	1/2	3/4	2	1	1/4	1/4	1	1	10	58	241
31	31	1/2	1/2	3/4	1	2	1/4	1/4	1	1	6	66	239
31	31	1/2	1/2	3/4	1	2	1/4	1/4	1	1	10	70	239
31	31	1/2	1/2	3/4	1	1	1/4	1/4	1		9	75	237
32	32	0	0	3/4	2	1	1/4	1/4	1	-1	9	51	247
32	32	0	0	3/4	2	1	1/4	1/4	1	-1	10	58	247
32	32	0	0	3/4	1	2	1/4	1/4	1	-1	6	66	244
32	32	0	0	3/4	1	2	1/4	1/4	1	-1	10	70	244
32	32	0	0	3/4	1	1	1/2	1/2	1		9	75	242
32	32	1/4	1/4	3/4	2	1	1/4	1/4	1		9	51	248
32	32	1/4	1/4	3/4	2	1	1/4	1/4	1		10	58	248
32	32	1/4	1/4	3/4	1	2	1/4	1/4	1		11	65	245
32	32	1/4	1/4	3/4	1	2	1/4	1/4	1		8	68	245
32	32	1/2	1/2	3/4	2	1	1/4	1/4	1		9	51	249
32	32	1/2	1/2	3/4	2	1	1/4	1/4	1		10	58	249
32	32	1/2	1/2	3/4	1	2	1/4	1/4	1		6	66	246
32	32	1/2	1/2	3/4	1	2	1/4	1/4	1		10	70	246
32	32	1/2	1/2	3/4	1	1	1/4	1/4	1		9	75	243
33	33	0	0	3/4	2	1	1/4	1/4	1		8	44	255
33	33	0	0	3/4	1	1	1/4	1/4	1		9	75	250
33	33	1/4	1/4	3/4	2	1	1/4	1/4	1		8	56	256
33	33	1/4	1/4	3/4	2	1	1/4	1/4	1		9	63	256
33	33	1/4	1/4	3/4	1	2	1/4	1/4	1		6	66	253
33	33	1/4	1/4	3/4	1	2	1/4	1/4	1		12	72	253
33	33	1/4	1/4	3/4	1	1	3/8	1/4	3/2		4	76	251
33	33	1/2	1/2	3/4	2	1	1/4	1/4	1		8	56	257
33	33	1/2	1/2	3/4	2	1	1/4	1/4	1		9	63	257
33	33	1/2	1/2	3/4	1	2	1/4	1/4	1	1	6	66	254
33	33	1/2	1/2	3/4	1	2	1/4	1/4	1		12	72	254
33	33	5/8	5/8	3/4	1	1	1/8	1/8	1		9	75	252
34	34	0	0	3/4	2	2	3/4	1/2	3/2		7	49	267
34	34	0	0	3/4	2	1	1/4	1/4	1		3	57	264
34	34	0	0	3/4	1	2	1/4	1/4	1	-1	6	66	261
34	34	0	0	3/4	1	1	1/8	1/8	1		7	73	258
34	34	1/8	1/8	3/4	1	1	1/8	1/8	1		12	72	259
34	34	1/4	1/4	3/4	2	1	1/4	1/4	1		8	56	265
34	34	1/4	1/4	3/4	1	2	1/4	1/4	1		4	64	262
34	34	1/4	1/4	3/4	1	1	1/2	1/2	1		7	73	260
34	34	1/2	1/2	3/4	2	1	1/4	1/4	1		1	55	266
34	34	1/2	1/2	3/4	1	2	1/4	1/4	1		5	71	263
35	35	0	0	3/4	2	1	1/4	1/4	1		6	42	277
35	35	0	0	3/4	1	2	1/4	1/4	1		10	70	274
35	35	0	0	3/4	1	1	1/8	1/8	1		9	75	268
35	35	1/8	1/8	3/4	1	1	1/8	1/8	1		7	73	269
35	35	1/4	1/4	3/4	2	2	1/4	1/4	1		6	54	282
35	35	1/4	1/4	3/4	2	1	1/8	1/8	1		5	59	278
35	35	1/4	1/4	3/4	1	2	1/4	1/4	1		4	64	275
35	35	1/4	1/4	3/4	1	1	1/8	1/8	1		8	68	270
35	35	3/8	3/8	3/4	2	1	1/8	1/8	1		10	58	279
35	35	3/8	3/8	3/4	1	1	1/8	1/8	1		6	66	271
35	35	1/2	1/2	3/4	2	1	1/8	1/8	1		8	56	280
35	35	1/2	1/2	3/4	1	2	1/4	1/4	1		4	64	276
35	35	1/2	1/2	3/4	1	1	1/8	1/8	1		5	71	272
35	35	5/8	5/8	3/4	2	1	1/8	1/8	1		6	54	281
35	35	5/8	5/8	3/4	1	1	1/8	1/8	1		7	73	273
36	36	0	0	3/4	2	2	1/2	1/2	1		5	47	287
36	36	0	0	3/4	1	1	3/4	1/2	3/2		9	75	283
36	36	1/4	1/4	3/4	2	1	1/4	1/4	1		6	54	286
36	36	1/4	1/4	3/4	2	1	1/4	1/4	1		5	59	286
36	36	1/4	1/4	3/4	1	2	1/4	1/4	1		9	63	284
36	36	1/2	1/2	3/4	2	2	1/4	1/4	1		10	46	288
36	36	1/2	1/2	3/4	1	2	1/4	1/4	1		9	63	285
37	37	0	0	3/4	2	2	1/2	1/2	1		8	44	295
37	37	0	0	3/4	1	1	1/4	1/4	1		5	71	289
37	37	1/4	1/4	3/4	2	1	1/4	1/4	1		11	53	294
37	37	1/4	1/4	3/4	2	1	1/4	1/4	1		5	59	294
37	37	1/4	1/4	3/4	1	2	1/4	1/4	1		9	63	292
37	37	1/4	1/4	3/4	1	2	1/4	1/4	1		8	68	292
37	37	1/4	1/4	3/4	1	1	3/8	1/4	3/2		7	73	290
37	37	1/2	1/2	3/4	2	2	1/4	1/4	1		11	41	296
37	37	1/2	1/2	3/4	1	2	1/4	1/4	1		9	63	293
37	37	1/2	1/2	3/4	1	2	1/4	1/4	1		8	68	293
37	37	5/8	5/8	3/4	1	1	1/8	1/8	1		5	71	291
38	38	0	0	3/4	2	2	1/2	1/2	1		10	46	303
38	38	0	0	3/4	1	1	1/8	1/8	1		10	70	297
38	38	1/8	1/8	3/4	1	1	1/8	1/8	1		15	69	298
38	38	1/4	1/4	3/4	2	1	1/4	1/4	1		11	53	302
38	38	1/4	1/4	3/4	2	1	1/4	1/4	1		10	58	302
38	38	1/4	1/4	3/4	1	2	1/4	1/4	1		14	62	300
38	38	1/4	1/4	3/4	1	2	1/4	1/4	1		8	68	300
38	38	1/4	1/4	3/4	1	1	1/2	1/2	1		10	70	299
38	38	1/2	1/2	3/4	2	2	1/4	1/4	1		11	41	304
38	38	1/2	1/2	3/4	1	2	1/4	1/4	1		14	62	301
38	38	1/2	1/2	3/4	1	2	1/4	1/4	1		8	68	301
39	39	0	0	3/4	2	2	1/2	1/2	1		13	43	312
39	39	0	0	3/4	1	1	1/4	1/4	1		10	70	305
39	39	1/4	1/4	3/4	2	1	1/4	1/4	1		4	52	310
39	39	1/4	1/4	3/4	1	2	1/4	1/4	1		7	61	308
39	39	1/4	1/4	3/4	1	1	3/8	1/4	3/2		5	71	306
39	39	1/2	1/2	3/4	2	2	1/4	1/4	1		9	39	313
39	39	1/2	1/2	3/4	2	1	1/4	1/4	1		9	51	311
39	39	1/2	1/2	3/4	1	2	1/4	1/4	1	1	7	61	309
39	39	1/2	1/2	3/4	1	2	1/4	1/4	1		13	67	309
39	39	5/8	5/8	3/4	1	1	1/8	1/8	1		13	67	307
40	40	0	0	3/4	2	2	1/2	1/2	1		8	44	324
40	40	0	0	3/4	1	2	1/4	1/4	1	-1	7	61	319
40	40	0	0	3/4	1	1	1/8	1/8	1		10	70	314
40	40	1/8	1/8	3/4	1	1	1/8	1/8	1		3	69	315
40	40	1/4	1/4	3/4	2	1	1/4	1/4	1		9	51	322
40	40	1/4	1/4	3/4	1	2	1/4	1/4	1		5	59	320
40	40	1/4	1/4	3/4	1	1	1/4	1/4	1		8	68	316
40	40	1/2	1/2	3/4	2	2	1/4	1/4	1		10	46	325
40	40	1/2	1/2	3/4	2	1	1/4	1/4	1		6	54	323
40	40	1/2	1/2	3/4	1	2	1/4	1/4	1	1	7	61	321
40	40	1/2	1/2	3/4	1	1	1/8	1/8	1		6	66	317
40	40	5/8	5/8	3/4	1	1	1/8	1/8	1		4	64	318
41	41	0	0	3/4	2	1	1/4	1/4	1		5	35	330
41	41	0	0	3/4	1	2	1/4	1/4	1	-1	7	61	327
41	41	0	0	3/4	1	1	1/2	1/2	1		9	63	326
41	41	1/4	1/4	3/4	2	1	1/4	1/4	1		5	47	331
41	41	1/4	1/4	3/4	1	2	1/4	1/4	1		6	54	328
41	41	1/4	1/4	3/4	1	2	1/4	1/4	1		5	59	328
41	41	1/2	1/2	3/4	2	1	1/4	1/4	1	1	5	47	332
41	41	1/2	1/2	3/4	2	1	1/4	1/4	1	1	6	54	332
41	41	1/2	1/2	3/4	1	2	1/4	1/4	1		7	61	329
41	41	1/2	1/2	3/4	1	2	1/4	1/4	1		4	64	329
42	42	0	0	3/4	2	1	1/4	1/4	1	-1	5	47	338
42	42	0	0	3/4	2	1	1/4	1/4	1	-1	6	54	338
42	42	0	0	3/4	1	1	1/4	1/4	1		9	63	333
42	42	0	0	3/4	1	1	1/4	1/4	1		6	66	333
42	42	1/4	1/4	3/4	2	1	1/4	1/4	1		5	47	339
42	42	1/4	1/4	3/4	2	1	1/4	1/4	1		6	54	339
42	42	1/4	1/4	3/4	2	1	1/4	1/4	1		5	59	339
42	42	1/4	1/4	3/4	1	2	1/4	1/4	1		9	63	336
42	42	1/4	1/4	3/4	1	2	1/4	1/4	1		6	66	336
42	42	1/4	1/4	3/4	1	1	7/16	1/4	7/4		9	75	334
42	42	1/2	1/2	3/4	2	1	1/4	1/4	1	1	5	47	340
42	42	1/2	1/2	3/4	2	1	1/4	1/4	1	1	6	54	340
42	42	1/2	1/2	3/4	2	1	1/4	1/4	1	1	5	59	340
42	42	1/2	1/2	3/4	1	2	1/4	1/4	1	1	9	63	337
42	42	1/2	1/2	3/4	1	2	1/4	1/4	1	1	6	66	337
42	42	11/16	11/16	3/4	1	1	1/16	1/16	1		9	75	335
43	43	0	0	3/4	2	1	1/4	1/4	1	-1	5	47	346
43	43	0	0	3/4	2	1	1/4	1/4	1	-1	6	54	346
43	43	0	0	3/4	2	1	1/4	1/4	1	-1	5	59	346
43	43	0	0	3/4	1	2	1/4	1/4	1	-1	9	63	343
43	43	0	0	3/4	1	2	1/4	1/4	1	-1	6	66	343
43	43	0	0	3/4	1	1	1/2	1/2	1		9	75	341
43	43	1/4	1/4	3/4	2	1	1/4	1/4	1		5	47	347
43	43	1/4	1/4	3/4	2	1	1/4	1/4	1		6	54	347
43	43	1/4	1/4	3/4	2	1	1/4	1/4	1		7	61	347
43	43	1/4	1/4	3/4	1	2	1/4	1/4	1		4	64	344
43	43	1/4	1/4	3/4	1	2	1/4	1/4	1		8	68	344
43	43	1/2	1/2	3/4	2	1	1/4	1/4	1	1	5	47	348
43	43	1/2	1/2	3/4	2	1	1/4	1/4	1	1	6	54	348
43	43	1/2	1/2	3/4	2	1	1/4	1/4	1	1	7	61	348
43	43	1/2	1/2	3/4	1	2	1/4	1/4	1	1	4	64	345
43	43	1/2	1/2	3/4	1	2	1/4	1/4	1	1	10	70	345
43	43	1/2	1/2	3/4	1	1	1/4	1/4	1		9	75	342
44	44	0	0	3/4	2	1	1/4	1/4	1	-1	5	47	354
44	44	0	0	3/4	2	1	1/4	1/4	1	-1	6	54	354
44	44	0	0	3/4	2	1	1/4	1/4	1	-1	7	61	354
44	44	0	0	3/4	1	2	1/4	1/4	1	-1	4	64	351
44	44	0	0	3/4	1	2	1/4	1/4	1	-1	10	70	351
44	44	0	0	3/4	1	1	1/2	1/2	1		9	75	349
44	44	1/4	1/4	3/4	2	1	1/4	1/4	1		5	47	355
44	44	1/4	1/4	3/4	2	1	1/4	1/4	1		6	54	355
44	44	1/4	1/4	3/4	2	1	1/4	1/4	1		7	61	355
44	44	1/4	1/4	3/4	1	2	1/4	1/4	1		4	64	352
44	44	1/4	1/4	3/4	1	2	1/4	1/4	1		8	68	352
44	44	1/2	1/2	3/4	2	1	1/4	1/4	1		5	47	356
44	44	1/2	1/2	3/4	2	1	1/4	1/4	1		6	54	356
44	44	1/2	1/2	3/4	2	1	1/4	1/4	1		7	61	356
44	44	1/2	1/2	3/4	1	2	1/4	1/4	1		4	64	353
44	44	1/2	1/2	3/4	1	2	1/4	1/4	1		10	70	353
44	44	1/2	1/2	3/4	1	1	1/4	1/4	1		9	75	350
45	45	0	0	3/4	2	1	1/4	1/4	1		5	35	362
45	45	0	0	3/4	1	1	1/4	1/4	1		9	63	357
45	45	0	0	3/4	1	1	1/4	1/4	1		5	71	357
45	45	0	0	3/4	1	1	1/4	1/4	1		9	75	357
45	45	1/4	1/4	3/4	2	1	1/4	1/4	1		5	47	363
45	45	1/4	1/4	3/4	2	1	1/4	1/4	1		6	54	363
45	45	1/4	1/4	3/4	1	1	1/8	1/8	1		5	59	358
45	45	1/4	1/4	3/4	1	1	1/8	1/8	1		9	63	358
45	45	3/8	3/8	3/4	1	1	1/8	1/8	1		7	61	359
45	45	3/8	3/8	3/4	1	1	1/8	1/8	1		4	64	359
45	45	1/2	1/2	3/4	2	1	1/4	1/4	1	1	5	47	364
45	45	1/2	1/2	3/4	2	1	1/4	1/4	1	1	6	54	364
45	45	1/2	1/2	3/4	1	1	1/8	1/8	1		6	66	360
45	45	1/2	1/2	3/4	1	1	1/8	1/8	1		10	70	360
45	45	5/8	5/8	3/4	1	1	1/8	1/8	1		4	64	361
45	45	5/8	5/8	3/4	1	1	1/8	1/8	1		8	68	361
46	46	0	0	3/4	2	1	1/4	1/4	1	-1	5	47	370
46	46	0	0	3/4	2	1	1/4	1/4	1	-1	6	54	370
46	46	0	0	3/4	1	2	1/4	1/4	1		9	63	367
46	46	0	0	3/4	1	2	1/4	1/4	1		6	66	367
46	46	1/4	1/4	3/4	2	1	1/4	1/4	1		5	47	371
46	46	1/4	1/4	3/4	2	1	1/4	1/4	1		6	54	371
46	46	1/4	1/4	3/4	2	1	1/4	1/4	1		5	59	371
46	46	1/4	1/4	3/4	1	2	1/4	1/4	1		9	63	368
46	46	1/4	1/4	3/4	1	2	1/4	1/4	1		6	66	368
46	46	1/4	1/4	3/4	1	1	7/16	1/4	7/4		9	75	365
46	46	1/2	1/2	3/4	2	1	1/4	1/4	1		5	47	372
46	46	1/2	1/2	3/4	2	1	1/4	1/4	1		6	54	372
46	46	1/2	1/2	3/4	2	1	1/4	1/4	1		5	59	372
46	46	1/2	1/2	3/4	1	2	1/4	1/4	1		9	63	369
46	46	1/2	1/2	3/4	1	2	1/4	1/4	1		6	66	369
46	46	11/16	11/16	3/4	1	1	1/16	1/16	1		9	75	366
47	47	0	0	3/4	1	1	1/2	1/2	1		9	75	373
47	47	1/4	1/4	3/4	2	1	1/4	1/4	1		9	51	377
47	47	1/4	1/4	3/4	2	1	1/4	1/4	1		10	58	377
47	47	1/4	1/4	3/4	1	2	1/4	1/4	1		11	65	375
47	47	1/4	1/4	3/4	1	2	1/4	1/4	1		8	68	375
47	47	1/2	1/2	3/4	2	1	1/4	1/4	1	1	9	51	378
47	47	1/2	1/2	3/4	2	1	1/4	1/4	1	1	10	58	378
47	47	1/2	1/2	3/4	1	2	1/4	1/4	1	1	6	66	376
47	47	1/2	1/2	3/4	1	2	1/4	1/4	1	1	10	70	376
47	47	1/2	1/2	3/4	1	1	1/4	1/4	1		9	75	374
48	48	0	0	3/4	2	1	1/4	1/4	1	-1	9	51	384
48	48	0	0	3/4	2	1	1/4	1/4	1	-1	10	58	384
48	48	0	0	3/4	1	2	1/4	1/4	1	-1	6	66	381
48	48	0	0	3/4	1	2	1/4	1/4	1	-1	10	70	381
48	48	0	0	3/4	1	1	1/2	1/2	1		9	75	379
48	48	1/4	1/4	3/4	2	1	1/4	1/4	1		9	51	385
48	48	1/4	1/4	3/4	2	1	1/4	1/4	1		10	58	385
48	48	1/4	1/4	3/4	1	2	1/4	1/4	1		11	65	382
48	48	1/4	1/4	3/4	1	2	1/4	1/4	1		8	68	382
48	48	1/2	1/2	3/4	2	1	1/4	1/4	1		9	51	386
48	48	1/2	1/2	3/4	2	1	1/4	1/4	1		10	58	386
48	48	1/2	1/2	3/4	1	2	1/4	1/4	1	1	6	66	383
48	48	1/2	1/2	3/4	1	2	1/4	1/4	1		10	70	383
48	48	1/2	1/2	3/4	1	1	1/4	1/4	1		9	75	380
49	49	0	0	3/4	2	1	1/4	1/4	1		5	35	391
49	49	0	0	3/4	1	2	1/4	1/4	1	-1	6	66	388
49	49	0	0	3/4	1	2	1/4	1/4	1		5	71	388
49	49	0	0	3/4	1	1	1/4	1/4	1		9	75	387
49	49	1/4	1/4	3/4	2	1	1/4	1/4	1		5	47	392
49	49	1/4	1/4	3/4	2	1	1/4	1/4	1		6	54	392
49	49	1/4	1/4	3/4	1	2	1/4	1/4	1		5	59	389
49	49	1/4	1/4	3/4	1	2	1/4	1/4	1		9	63	389
49	49	1/2	1/2	3/4	2	1	1/4	1/4	1	1	5	47	393
49	49	1/2	1/2	3/4	2	1	1/4	1/4	1	1	6	54	393
49	49	1/2	1/2	3/4	1	2	1/4	1/4	1		7	61	390
49	49	1/2	1/2	3/4	1	2	1/4	1/4	1		4	64	390
50	50	0	0	3/4	2	1	1/4	1/4	1	-1	5	47	399
50	50	0	0	3/4	2	1	1/4	1/4	1	-1	6	54	399
50	50	0	0	3/4	1	2	1/4	1/4	1		9	63	396
50	50	0	0	3/4	1	2	1/4	1/4	1		6	66	396
50	50	1/4	1/4	3/4	2	1	1/4	1/4	1		5	47	400
50	50	1/4	1/4	3/4	2	1	1/4	1/4	1		6	54	400
50	50	1/4	1/4	3/4	2	1	1/4	1/4	1		5	59	400
50	50	1/4	1/4	3/4	1	2	1/4	1/4	1		9	63	397
50	50	1/4	1/4	3/4	1	2	1/4	1/4	1		6	66	397
50	50	1/4	1/4	3/4	1	1	7/16	1/4	7/4		9	75	394
50	50	1/2	1/2	3/4	2	1	1/4	1/4	1	1	5	47	401
50	50	1/2	1/2	3/4	2	1	1/4	1/4	1	1	6	54	401
50	50	1/2	1/2	3/4	2	1	1/4	1/4	1	1	5	59	401
50	50	1/2	1/2	3/4	1	2	1/4	1/4	1	1	9	63	398
50	50	1/2	1/2	3/4	1	2	1/4	1/4	1	1	6	66	398
50	50	11/16	11/16	3/4	1	1	1/16	1/16	1		9	75	395
51	51	0	0	3/4	2	1	1/4	1/4	1	-1	5	47	407
51	51	0	0	3/4	2	1	1/4	1/4	1	-1	6	54	407
51	51	0	0	3/4	2	1	1/4	1/4	1	-1	5	59	407
51	51	0	0	3/4	1	2	1/4	1/4	1	-1	9	63	404
51	51	0	0	3/4	1	2	1/4	1/4	1	-1	6	66	404
51	51	0	0	3/4	1	1	1/2	1/2	1		9	75	402
51	51	1/4	1/4	3/4	2	1	1/4	1/4	1		5	47	408
51	51	1/4	1/4	3/4	2	1	1/4	1/4	1		6	54	408
51	51	1/4	1/4	3/4	2	1	1/4	1/4	1		7	61	408
51	51	1/4	1/4	3/4	1	2	1/4	1/4	1		4	64	405
51	51	1/4	1/4	3/4	1	2	1/4	1/4	1		8	68	405
51	51	1/2	1/2	3/4	2	1	1/4	1/4	1	1	5	47	409
51	51	1/2	1/2	3/4	2	1	1/4	1/4	1	1	6	54	409
51	51	1/2	1/2	3/4	2	1	1/4	1/4	1	1	7	61	409
51	51	1/2	1/2	3/4	1	2	1/4	1/4	1	1	4	64	406
51	51	1/2	1/2	3/4	1	2	1/4	1/4	1	1	10	70	406
51	51	1/2	1/2	3/4	1	1	1/4	1/4	1		9	75	403
52	52	0	0	3/4	2	1	1/4	1/4	1	-1	5	47	415
52	52	0	0	3/4	2	1	1/4	1/4	1	-1	6	54	415
52	52	0	0	3/4	2	1	1/4	1/4	1	-1	7	61	415
52	52	0	0	3/4	1	2	1/4	1/4	1	-1	4	64	412
52	52	0	0	3/4	1	2	1/4	1/4	1	-1	10	70	412
52	52	0	0	3/4	1	1	1/2	1/2	1		9	75	410
52	52	1/4	1/4	3/4	2	1	1/4	1/4	1		5	47	416
52	52	1/4	1/4	3/4	2	1	1/4	1/4	1		6	54	416
52	52	1/4	1/4	3/4	2	1	1/4	1/4	1		7	61	416
52	52	1/4	1/4	3/4	1	2	1/4	1/4	1		4	64	413
52	52	1/4	1/4	3/4	1	2	1/4	1/4	1		8	68	413
52	52	1/2	1/2	3/4	2	1	1/4	1/4	1		5	47	417
52	52	1/2	1/2	3/4	2	1	1/4	1/4	1		6	54	417
52	52	1/2	1/2	3/4	2	1	1/4	1/4	1		7	61	417
52	52	1/2	1/2	3/4	1	2	1/4	1/4	1		4	64	414
52	52	1/2	1/2	3/4	1	2	1/4	1/4	1		10	70	414
52	52	1/2	1/2	3/4	1	1	1/4	1/4	1		9	75	411
53	53	0	0	3/4	2	1	1/4	1/4	1		5	35	424
53	53	0	0	3/4	1	1	1/4	1/4	1		9	63	418
53	53	0	0	3/4	1	1	1/4	1/4	1		5	71	418
53	53	0	0	3/4	1	1	1/4	1/4	1		9	75	418
53	53	1/4	1/4	3/4	2	1	1/4	1/4	1		5	47	425
53	53	1/4	1/4	3/4	2	1	1/4	1/4	1		6	54	425
53	53	1/4	1/4	3/4	1	1	1/8	1/8	1		5	59	419
53	53	1/4	1/4	3/4	1	1	1/8	1/8	1		9	63	419
53	53	3/8	3/8	3/4	1	1	1/8	1/8	1		7	61	420
53	53	3/8	3/8	3/4	1	1	1/8	1/8	1		4	64	420
53	53	1/2	1/2	3/4	2	1	1/4	1/4	1	1	5	47	426
53	53	1/2	1/2	3/4	2	1	1/4	1/4	1	1	6	54	426
53	53	1/2	1/2	3/4	1	1	1/12	1/8	2/3		6	66	421
53	53	1/2	1/2	3/4	1	1	1/12	1/8	2/3		10	70	421
53	53	7/12	7/12	3/4	1	1	1/12	1/8	2/3		4	64	422
53	53	7/12	7/12	3/4	1	1	1/12	1/8	2/3		8	68	422
53	53	2/3	2/3	3/4	1	1	1/12	1/8	2/3		9	63	423
53	53	2/3	2/3	3/4	1	1	1/12	1/8	2/3		6	66	423
54	54	0	0	3/4	2	1	1/4	1/4	1	-1	5	47	432
54	54	0	0	3/4	2	1	1/4	1/4	1	-1	6	54	432
54	54	0	0	3/4	1	2	1/4	1/4	1		9	63	429
54	54	0	0	3/4	1	2	1/4	1/4	1		6	66	429
54	54	1/4	1/4	3/4	2	1	1/4	1/4	1		5	47	433
54	54	1/4	1/4	3/4	2	1	1/4	1/4	1		6	54	433
54	54	1/4	1/4	3/4	2	1	1/4	1/4	1		5	59	433
54	54	1/4	1/4	3/4	1	2	1/4	1/4	1		9	63	430
54	54	1/4	1/4	3/4	1	2	1/4	1/4	1		6	66	430
54	54	1/4	1/4	3/4	1	1	7/16	1/4	7/4		9	75	427
54	54	1/2	1/2	3/4	2	1	1/4	1/4	1		5	47	434
54	54	1/2	1/2	3/4	2	1	1/4	1/4	1		6	54	434
54	54	1/2	1/2	3/4	2	1	1/4	1/4	1		5	59	434
54	54	1/2	1/2	3/4	1	2	1/4	1/4	1		9	63	431
54	54	1/2	1/2	3/4	1	2	1/4	1/4	1		6	66	431
54	54	11/16	11/16	3/4	1	1	1/16	1/16	1		9	75	428
55	55	0	0	3/4	1	1	1/2	1/2	1		9	75	435
55	55	1/4	1/4	3/4	2	1	1/4	1/4	1		9	51	439
55	55	1/4	1/4	3/4	2	1	1/4	1/4	1		10	58	439
55	55	1/4	1/4	3/4	1	2	1/4	1/4	1		11	65	437
55	55	1/4	1/4	3/4	1	2	1/4	1/4	1		8	68	437
55	55	1/2	1/2	3/4	2	1	1/4	1/4	1	1	9	51	440
55	55	1/2	1/2	3/4	2	1	1/4	1/4	1	1	10	58	440
55	55	1/2	1/2	3/4	1	2	1/4	1/4	1	1	6	66	438
55	55	1/2	1/2	3/4	1	2	1/4	1/4	1	1	10	70	438
55	55	1/2	1/2	3/4	1	1	1/4	1/4	1		9	75	436
56	56	0	0	3/4	2	1	1/4	1/4	1	-1	9	51	446
56	56	0	0	3/4	2	1	1/4	1/4	1	-1	10	58	446
56	56	0	0	3/4	1	2	1/4	1/4	1	-1	6	66	443
56	56	0	0	3/4	1	2	1/4	1/4	1	-1	10	70	443
56	56	0	0	3/4	1	1	1/2	1/2	1		9	75	441
56	56	1/4	1/4	3/4	2	1	1/4	1/4	1		9	51	447
56	56	1/4	1/4	3/4	2	1	1/4	1/4	1		10	58	447
56	56	1/4	1/4	3/4	1	2	1/4	1/4	1		11	65	444
56	56	1/4	1/4	3/4	1	2	1/4	1/4	1		8	68	444
56	56	1/2	1/2	3/4	2	1	1/4	1/4	1		9	51	448
56	56	1/2	1/2	3/4	2	1	1/4	1/4	1		10	58	448
56	56	1/2	1/2	3/4	1	2	1/4	1/4	1		6	66	445
56	56	1/2	1/2	3/4	1	2	1/4	1/4	1		10	70	445
56	56	1/2	1/2	3/4	1	1	1/4	1/4	1		9	75	442
57	57	0	0	3/4	2	2	1/4	1/4	1		2	50	456
57	57	0	0	3/4	2	2	1/4	1/4	1		8	56	456
57	57	0	0	3/4	2	2	1/4	1/4	1		5	59	456
57	57	0	0	3/4	1	2	1/4	1/4	1		4	64	451
57	57	0	0	3/4	1	2	1/4	1/4	1		5	71	451
57	57	0	0	3/4	1	2	1/4	1/4	1		4	76	451
57	57	1/4	1/4	3/4	2	2	1/4	1/4	1		2	50	457
57	57	1/4	1/4	3/4	2	2	1/4	1/4	1		4	52	457
57	57	1/4	1/4	3/4	2	2	1/4	1/4	1		8	56	457
57	57	1/4	1/4	3/4	2	2	1/4	1/4	1		5	59	457
57	57	1/4	1/4	3/4	1	2	1/4	1/4	1		4	64	452
57	57	1/4	1/4	3/4	1	2	1/4	1/4	1		5	71	452
57	57	1/4	1/4	3/4	1	2	1/4	1/4	1		4	76	452
57	57	1/2	1/2	3/4	2	2	1/4	1/4	1		2	50	458
57	57	1/2	1/2	3/4	2	2	1/4	1/4	1		4	52	458
57	57	1/2	1/2	3/4	2	2	1/4	1/4	1		8	56	458
57	57	1/2	1/2	3/4	2	1	3/16	1/8	3/2		0	60	454
57	57	1/2	1/2	3/4	1	2	1/4	1/4	1		4	64	453
57	57	1/2	1/2	3/4	1	1	3/16	1/8	3/2		0	72	449
57	57	1/2	1/2	3/4	1	2	1/4	1/4	1		4	76	453
57	57	11/16	11/16	3/4	2	1	1/16	1/16	1		5	59	455
57	57	11/16	11/16	3/4	1	1	1/16	1/16	1		5	71	450
58	58	0	0	3/4	2	2	3/4	1/2	3/2		0	48	468
58	58	0	0	3/4	2	2	3/4	1/2	3/2		4	52	468
58	58	0	0	3/4	2	1	1/4	1/4	1		5	59	464
58	58	0	0	3/4	1	1	3/4	1/2	3/2		4	64	459
58	58	0	0	3/4	1	2	1/4	1/4	1		5	71	460
58	58	0	0	3/4	1	1	3/4	1/2	3/2		4	76	459
58	58	1/4	1/4	3/4	2	1	3/16	1/8	3/2		3	57	465
58	58	1/4	1/4	3/4	1	2	3/16	1/8	3/2		3	69	461
58	58	7/16	7/16	3/4	2	1	1/16	1/16	1		8	56	466
58	58	7/16	7/16	3/4	1	2	1/16	1/16	1		8	68	462
58	58	1/2	1/2	3/4	2	1	1/4	1/4	1		3	57	467
58	58	1/2	1/2	3/4	1	2	1/4	1/4	1		3	69	463
59	59	0	0	3/4	2	2	1/4	1/4	1		5	35	477
59	59	0	0	3/4	2	2	1/4	1/4	1		5	47	477
59	59	0	0	3/4	2	1	1/4	1/4	1		3	57	474
59	59	0	0	3/4	2	1	1/4	1/4	1		5	59	474
59	59	0	0	3/4	1	2	1/4	1/4	1		9	63	470
59	59	0	0	3/4	1	2	1/4	1/4	1		6	66	470
59	59	0	0	3/4	1	2	1/4	1/4	1		5	71	470
59	59	1/4	1/4	3/4	2	2	1/4	1/4	1		5	35	478
59	59	1/4	1/4	3/4	2	2	1/4	1/4	1		5	47	478
59	59	1/4	1/4	3/4	2	1	1/4	1/4	1		3	57	475
59	59	1/4	1/4	3/4	2	1	1/4	1/4	1		5	59	475
59	59	1/4	1/4	3/4	1	2	1/4	1/4	1		9	63	471
59	59	1/4	1/4	3/4	1	2	1/4	1/4	1		6	66	471
59	59	1/4	1/4	3/4	1	2	1/4	1/4	1		5	71	471
59	59	1/2	1/2	3/4	2	2	1/4	1/4	1		5	35	479
59	59	1/2	1/2	3/4	2	2	1/4	1/4	1		5	47	479
59	59	1/2	1/2	3/4	2	1	1/4	1/4	1		3	57	476
59	59	1/2	1/2	3/4	2	1	1/4	1/4	1		5	59	476
59	59	1/2	1/2	3/4	1	1	1/4	1/4	1		9	63	469
59	59	1/2	1/2	3/4	1	2	3/16	1/8	3/2		1	67	472
59	59	1/2	1/2	3/4	1	1	1/4	1/4	1		5	71	469
59	59	11/16	11/16	3/4	1	2	1/16	1/16	1		6	66	473
60	60	0	0	3/4	2	2	3/4	1/2	3/2		4	40	491
60	60	0	0	3/4	2	2	3/4	1/2	3/2		5	47	491
60	60	0	0	3/4	2	1	1/8	1/8	1		3	57	486
60	60	0	0	3/4	1	1	3/4	1/2	3/2		5	59	480
60	60	0	0	3/4	1	2	1/8	1/8	1		6	66	481
60	60	0	0	3/4	1	1	3/4	1/2	3/2		5	71	480
60	60	1/8	1/8	3/4	2	1	1/8	1/8	1		1	55	487
60	60	1/8	1/8	3/4	1	2	1/8	1/8	1		4	64	482
60	60	1/4	1/4	3/4	2	1	1/8	1/8	1		1	55	488
60	60	1/4	1/4	3/4	1	2	1/8	1/8	1		4	64	483
60	60	3/8	3/8	3/4	2	1	1/8	1/8	1		6	54	489
60	60	3/8	3/8	3/4	1	2	1/8	1/8	1		9	63	484
60	60	1/2	1/2	3/4	2	1	1/4	1/4	1		1	55	490
60	60	1/2	1/2	3/4	1	2	1/4	1/4	1		4	64	485
61	61	0	0	3/4	2	1	1/4	1/4	1		4	40	497
61	61	0	0	3/4	2	1	1/4	1/4	1		4	52	497
61	61	0	0	3/4	1	2	1/4	1/4	1		2	62	494
61	61	0	0	3/4	1	2	1/4	1/4	1		4	64	494
61	61	0	0	3/4	1	2	1/4	1/4	1		8	68	494
61	61	0	0	3/4	1	2	1/4	1/4	1		5	71	494
61	61	0	0	3/4	1	2	1/4	1/4	1		4	76	494
61	61	1/4	1/4	3/4	2	1	1/4	1/4	1		4	52	498
61	61	1/4	1/4	3/4	2	1	1/4	1/4	1		5	59	498
61	61	1/4	1/4	3/4	1	2	1/4	1/4	1		2	62	495
61	61	1/4	1/4	3/4	1	2	1/4	1/4	1		4	64	495
61	61	1/4	1/4	3/4	1	2	1/4	1/4	1		8	68	495
61	61	1/4	1/4	3/4	1	2	1/4	1/4	1		5	71	495
61	61	1/4	1/4	3/4	1	2	1/4	1/4	1		4	76	495
61	61	1/2	1/2	3/4	2	1	1/4	1/4	1		4	52	499
61	61	1/2	1/2	3/4	2	1	1/4	1/4	1		5	59	499
61	61	1/2	1/2	3/4	1	2	1/4	1/4	1		2	62	496
61	61	1/2	1/2	3/4	1	2	1/4	1/4	1		4	64	496
61	61	1/2	1/2	3/4	1	2	1/4	1/4	1		8	68	496
61	61	1/2	1/2	3/4	1	1	3/16	1/8	3/2		0	72	492
61	61	1/2	1/2	3/4	1	2	1/4	1/4	1		4	76	496
61	61	11/16	11/16	3/4	1	1	1/16	1/16	1		5	71	493
62	62	0	0	3/4	2	2	3/4	1/2	3/2		3	45	510
62	62	0	0	3/4	2	2	3/4	1/2	3/2		4	52	510
62	62	0	0	3/4	1	3	1/4	1/4	1		2	62	506
62	62	0	0	3/4	1	3	1/4	1/4	1		4	64	506
62	62	0	0	3/4	1	3	1/4	1/4	1		8	68	506
62	62	0	0	3/4	1	2	1/8	1/8	1		5	71	501
62	62	0	0	3/4	1	1	3/4	1/2	3/2		4	76	500
62	62	1/8	1/8	3/4	1	2	1/8	1/8	1		3	69	502
62	62	1/4	1/4	3/4	2	1	1/8	1/8	1		0	60	507
62	62	1/4	1/4	3/4	1	2	1/8	1/8	1		3	69	503
62	62	3/8	3/8	3/4	2	1	1/8	1/8	1		5	59	508
62	62	3/8	3/8	3/4	1	2	1/8	1/8	1		8	68	504
62	62	1/2	1/2	3/4	2	1	1/4	1/4	1	1	0	60	509
62	62	1/2	1/2	3/4	1	2	1/4	1/4	1		3	69	505
63	63	0	0	3/4	2	1	1/8	1/8	1	-1	0	60	516
63	63	0	0	3/4	1	1	1/8	1/8	1		0	72	511
63	63	1/8	1/8	3/4	2	1	1/8	1/8	1		1	55	517
63	63	1/8	1/8	3/4	1	1	1/8	1/8	1		1	67	512
63	63	1/4	1/4	3/4	2	1	1/4	1/4	1		-1	53	518
63	63	1/4	1/4	3/4	1	1	1/4	1/4	1		-1	65	513
63	63	1/2	1/2	3/4	2	1	3/16	1/8	3/2		4	52	519
63	63	1/2	1/2	3/4	1	1	3/16	1/8	3/2		4	64	514
63	63	11/16	11/16	3/4	2	1	1/16	1/16	1		1	55	520
63	63	11/16	11/16	3/4	1	1	1/16	1/16	1		1	67	515
64	64	0	0	3/4	2	2	1/2	1/2	1	1	4	52	526
64	64	0	0	3/4	1	1	1/2	1/2	1	1	4	64	521
64	64	1/4	1/4	3/4	2	3	1/4	1/4	1		4	40	529
64	64	1/4	1/4	3/4	2	3	1/4	1/4	1		5	47	529
64	64	1/4	1/4	3/4	2	1	1/4	1/4	1		1	55	524
64	64	1/4	1/4	3/4	2	1	1/4	1/4	1		5	59	524
64	64	1/2	1/2	3/4	2	3	1/4	1/4	1		3	45	530
64	64	1/2	1/2	3/4	2	2	3/16	1/8	3/2	-1	4	52	527
64	64	1/2	1/2	3/4	2	1	1/4	1/4	1		3	57	525
64	64	1/2	1/2	3/4	2	1	1/4	1/4	1		0	60	525
64	64	1/2	1/2	3/4	1	1	3/16	1/8	3/2	-1	4	64	522
64	64	11/16	11/16	3/4	2	2	1/16	1/16	1		1	55	528
64	64	11/16	11/16	3/4	1	1	1/16	1/16	1		1	67	523
65	65	0	0	3/4	2	2	1/2	1/2	1	1	4	52	536
65	65	0	0	3/4	1	1	1/2	1/2	1	1	4	64	531
65	65	1/4	1/4	3/4	2	3	1/4	1/4	1		4	40	539
65	65	1/4	1/4	3/4	2	3	1/4	1/4	1		5	47	539
65	65	1/4	1/4	3/4	2	1	1/4	1/4	1		1	55	534
65	65	1/4	1/4	3/4	2	1	1/4	1/4	1		5	59	534
65	65	1/2	1/2	3/4	2	3	1/4	1/4	1		3	45	540
65	65	1/2	1/2	3/4	2	2	3/16	1/8	3/2	-1	4	52	537
65	65	1/2	1/2	3/4	2	1	1/4	1/4	1		3	57	535
65	65	1/2	1/2	3/4	2	1	1/4	1/4	1		0	60	535
65	65	1/2	1/2	3/4	1	1	3/16	1/8	3/2	-1	4	64	532
65	65	11/16	11/16	3/4	2	2	1/16	1/16	1		1	55	538
65	65	11/16	11/16	3/4	1	1	1/16	1/16	1		1	67	533
66	66	0	0	3/4	2	2	1/2	1/2	1		4	52	544
66	66	0	0	3/4	1	1	1/2	1/2	1		4	64	541
66	66	1/4	1/4	3/4	2	3	1/4	1/4	1		3	45	546
66	66	1/4	1/4	3/4	2	1	1/4	1/4	1		3	57	543
66	66	1/4	1/4	3/4	2	1	1/4	1/4	1		0	60	543
66	66	1/2	1/2	3/4	2	2	1/4	1/4	1		1	55	545
66	66	1/2	1/2	3/4	1	1	1/4	1/4	1		1	67	542
67	67	0	0	3/4	2	1	1/8	1/8	1		0	60	552
67	67	0	0	3/4	1	1	1/8	1/8	1		0	72	547
67	67	1/8	1/8	3/4	2	1	1/8	1/8	1		1	55	553
67	67	1/8	1/8	3/4	1	1	1/8	1/8	1		1	67	548
67	67	1/4	1/4	3/4	2	1	1/4	1/4	1		-1	53	554
67	67	1/4	1/4	3/4	1	1	1/4	1/4	1		-1	65	549
67	67	1/2	1/2	3/4	2	1	3/16	1/8	3/2		4	52	555
67	67	1/2	1/2	3/4	1	1	3/16	1/8	3/2		4	64	550
67	67	11/16	11/16	3/4	2	1	1/16	1/16	1		1	55	556
67	67	11/16	11/16	3/4	1	1	1/16	1/16	1		1	67	551
68	68	0	0	3/4	2	2	3/4	1/2	3/2		4	52	559
68	68	0	0	3/4	1	1	3/4	1/2	3/2		4	64	557
68	68	1/4	1/4	3/4	2	3	1/2	1/2	1		4	40	560
68	68	1/4	1/4	3/4	2	3	1/2	1/2	1		5	47	560
68	68	1/4	1/4	3/4	2	1	1/2	1/2	1		1	55	558
68	68	1/4	1/4	3/4	2	1	1/2	1/2	1		5	59	558
