mc	mn	mc_onset	mn_onset	timesig	staff	voice	duration	gracenote	nominal_duration	scalar	tied	tpc	midi	volta	chord_id
1	0	0	1/2	3/4	1	1	1/4		1/4	1		4	64		0
2	1	0	0	3/4	1	1	3/4		1/2	3/2		0	60		1
2	1	0	0	3/4	1	1	3/4		1/2	3/2		4	64		1
2	1	1/4	1/4	3/4	2	1	1/8		1/8	1		-1	53		2
2	1	3/8	3/8	3/4	2	1	1/8		1/8	1		4	52		3
2	1	1/2	1/2	3/4	2	1	1/8		1/8	1		3	57		4
2	1	5/8	5/8	3/4	2	1	1/8		1/8	1		5	59		5
3	2	0	0	3/4	2	1	1/12		1/8	2/3		0	60		7
3	2	0	0	3/4	1	1	3/4		1/2	3/2		9	63		6
3	2	0	0	3/4	1	1	3/4		1/2	3/2		6	66		6
3	2	0	0	3/4	1	1	3/4		1/2	3/2		3	69		6
3	2	1/12	1/12	3/4	2	1	1/12		1/8	2/3		2	62		8
3	2	1/6	1/6	3/4	2	1	1/12		1/8	2/3		0	60		9
3	2	1/4	1/4	3/4	2	1	1/8		1/8	1		5	59		10
3	2	3/8	3/8	3/4	2	1	1/8		1/8	1		2	62		11
3	2	1/2	1/2	3/4	2	1	1/4		1/4	1		0	60		12
4	3	0	0	3/4	2	1	1/4		1/4	1		5	59		14
4	3	0	0	3/4	1	1	3/4		1/2	3/2		9	63		13
4	3	0	0	3/4	1	1	3/4		1/2	3/2		6	66		13
4	3	0	0	3/4	1	1	3/4		1/2	3/2		3	69		13
4	3	0	0	3/4	1	1	3/4		1/2	3/2		5	71		13
4	3	1/4	1/4	3/4	2	1	1/8		1/8	1		10	58		15
4	3	3/8	3/8	3/4	2	1	1/8		1/8	1		5	59		16
4	3	1/2	1/2	3/4	2	1	1/8		1/8	1		0	60		17
4	3	5/8	5/8	3/4	2	1	1/8		1/8	1		5	59		18
5	4	0	0	3/4	2	1	1/4		1/4	1		6	54		21
5	4	1/4	1/4	3/4	2	1	1/4		1/4	1		5	47		22
5	4	1/4	1/4	3/4	1	1	1/4		1/4	1		3	57		19
5	4	1/4	1/4	3/4	1	1	1/4		1/4	1		5	59		19
5	4	1/4	1/4	3/4	1	1	1/4		1/4	1		9	63		19
5	4	1/4	1/4	3/4	1	1	1/4		1/4	1		6	66		19
5	4	1/2	1/2	3/4	2	1	1/4		1/4	1		4	40		23
5	4	1/2	1/2	3/4	1	1	1/4		1/4	1		8	56		20
5	4	1/2	1/2	3/4	1	1	1/4		1/4	1		2	62		20
5	4	1/2	1/2	3/4	1	1	1/4		1/4	1		4	64		20
5	4	1/2	1/2	3/4	1	1	1/4		1/4	1		8	68		20
6	5	0	0	3/4	2	2	3/4		1/2	3/2		3	45		29
6	5	0	0	3/4	1	1	3/4		1/2	3/2		3	57		24
6	5	0	0	3/4	1	1	3/4		1/2	3/2		0	60		24
6	5	0	0	3/4	1	1	3/4		1/2	3/2		4	64		24
6	5	1/4	1/4	3/4	2	1	1/8		1/8	1		-1	53		25
6	5	3/8	3/8	3/4	2	1	1/8		1/8	1		4	52		26
6	5	1/2	1/2	3/4	2	1	1/8		1/8	1		3	57		27
6	5	5/8	5/8	3/4	2	1	1/8		1/8	1		5	59		28
7	6	0	0	3/4	2	1	1/12		1/8	2/3		0	60		31
7	6	0	0	3/4	1	1	3/4		1/2	3/2		9	63		30
7	6	0	0	3/4	1	1	3/4		1/2	3/2		6	66		30
7	6	0	0	3/4	1	1	3/4		1/2	3/2		3	69		30
7	6	1/12	1/12	3/4	2	1	1/12		1/8	2/3		2	62		32
7	6	1/6	1/6	3/4	2	1	1/12		1/8	2/3		0	60		33
7	6	1/4	1/4	3/4	2	1	1/8		1/8	1		5	59		34
7	6	3/8	3/8	3/4	2	1	1/8		1/8	1		2	62		35
7	6	1/2	1/2	3/4	2	1	1/4		1/4	1		0	60		36
8	7	0	0	3/4	2	1	1/4		1/4	1		5	59		38
8	7	0	0	3/4	1	1	3/4		1/2	3/2		9	63		37
8	7	0	0	3/4	1	1	3/4		1/2	3/2		6	66		37
8	7	0	0	3/4	1	1	3/4		1/2	3/2		3	69		37
8	7	0	0	3/4	1	1	3/4		1/2	3/2		5	71		37
8	7	1/4	1/4	3/4	2	1	1/8		1/8	1		10	58		39
8	7	3/8	3/8	3/4	2	1	1/8		1/8	1		5	59		40
8	7	1/2	1/2	3/4	2	1	1/8		1/8	1		0	60		41
8	7	5/8	5/8	3/4	2	1	1/8		1/8	1		5	59		42
9	8	0	0	3/4	2	1	1/4		1/4	1		6	54		45
9	8	1/4	1/4	3/4	2	1	1/4		1/4	1		5	47		46
9	8	1/4	1/4	3/4	1	1	1/4		1/4	1		3	57		43
9	8	1/4	1/4	3/4	1	1	1/4		1/4	1		5	59		43
9	8	1/4	1/4	3/4	1	1	1/4		1/4	1		9	63		43
9	8	1/4	1/4	3/4	1	1	1/4		1/4	1		6	66		43
9	8	1/2	1/2	3/4	2	1	1/4		1/4	1		4	40		47
9	8	1/2	1/2	3/4	1	1	1/4		1/4	1		8	56		44
9	8	1/2	1/2	3/4	1	1	1/4		1/4	1		2	62		44
9	8	1/2	1/2	3/4	1	1	1/4		1/4	1		4	64		44
9	8	1/2	1/2	3/4	1	1	1/4		1/4	1		8	68		44
10	9	0	0	3/4	2	1	1/4		1/4	1		3	45		56
10	9	0	0	3/4	2	1	1/4		1/4	1		4	52		56
10	9	0	0	3/4	2	1	1/4		1/4	1		0	60		56
10	9	0	0	3/4	1	2	1/4		1/4	1		4	64		52
10	9	0	0	3/4	1	2	1/4		1/4	1		3	69		52
10	9	0	0	3/4	1	1	1/2		1/2	1		4	76		48
10	9	1/4	1/4	3/4	1	2	1/8		1/8	1		4	64		53
10	9	3/8	3/8	3/4	1	2	1/8		1/8	1	1	3	69		54
10	9	1/2	1/2	3/4	2	1	1/4		1/4	1		3	45		57
10	9	1/2	1/2	3/4	2	1	1/4		1/4	1		4	52		57
10	9	1/2	1/2	3/4	2	1	1/4		1/4	1		0	60		57
10	9	1/2	1/2	3/4	1	2	1/4		1/4	1		4	64		55
10	9	1/2	1/2	3/4	1	2	1/4		1/4	1	-1	3	69		55
10	9	1/2	1/2	3/4	1	1	1/12		1/8	2/3		4	76		49
10	9	7/12	7/12	3/4	1	1	1/12		1/8	2/3		-1	77		50
10	9	2/3	2/3	3/4	1	1	1/12		1/8	2/3		4	76		51
11	10	0	0	3/4	2	1	1/2		1/2	1		5	47		66
11	10	0	0	3/4	2	1	1/2		1/2	1		6	54		66
11	10	0	0	3/4	2	1	1/2		1/2	1		5	59		66
11	10	0	0	3/4	1	1	3/8		1/4	3/2		9	75		58
11	10	1/8	1/8	3/4	1	2	1/8		1/8	1		9	63		61
11	10	1/8	1/8	3/4	1	3	3/8		1/4	3/2		9	63		64
11	10	1/4	1/4	3/4	1	2	1/8		1/8	1		3	69		62
11	10	1/4	1/4	3/4	1	4	1/4		1/4	1		3	69		65
11	10	3/8	3/8	3/4	1	1	1/8		1/8	1		9	75		59
11	10	1/2	1/2	3/4	2	1	1/4		1/4	1		4	52		67
11	10	1/2	1/2	3/4	2	1	1/4		1/4	1		5	59		67
11	10	1/2	1/2	3/4	1	2	1/4		1/4	1		4	64		63
11	10	1/2	1/2	3/4	1	2	1/4		1/4	1		8	68		63
11	10	1/2	1/2	3/4	1	1	1/4		1/4	1		2	74		60
12	11	0	0	3/4	2	1	1/4		1/4	1		3	57		77
12	11	0	0	3/4	1	1	1/4		1/4	1		4	64		68
12	11	0	0	3/4	1	1	1/4		1/4	1		3	69		68
12	11	0	0	3/4	1	1	1/4		1/4	1		0	72		68
12	11	1/4	1/4	3/4	1	1	1/8		1/8	1		4	64		69
12	11	1/4	1/4	3/4	1	2	1/4		1/4	1		4	64		74
12	11	3/8	3/8	3/4	1	1	1/8		1/8	1		3	69		70
12	11	3/8	3/8	3/4	1	3	3/8		1/4	3/2		3	69		76
12	11	1/2	1/2	3/4	2	1	1/4		1/4	1		0	48		78
12	11	1/2	1/2	3/4	2	1	1/4		1/4	1	1	3	57		78
12	11	1/2	1/2	3/4	1	2	1/4		1/4	1	1	4	64		75
12	11	1/2	1/2	3/4	1	1	1/12		1/8	2/3		0	72		71
12	11	7/12	7/12	3/4	1	1	1/12		1/8	2/3		2	74		72
12	11	2/3	2/3	3/4	1	1	1/12		1/8	2/3		0	72		73
13	12	0	0	3/4	2	1	1/2		1/2	1		2	50		87
13	12	0	0	3/4	2	1	1/2		1/2	1	-1	3	57		87
13	12	0	0	3/4	1	2	1/8		1/8	1	-1	4	64		82
13	12	0	0	3/4	1	1	3/8		1/4	3/2		5	71		79
13	12	1/8	1/8	3/4	1	2	1/8		1/8	1		-1	65		83
13	12	1/8	1/8	3/4	1	3	3/8		1/4	3/2		-1	65		85
13	12	1/4	1/4	3/4	1	2	1/8		1/8	1		3	69		84
13	12	1/4	1/4	3/4	1	4	1/4		1/4	1		3	69		86
13	12	3/8	3/8	3/4	1	1	1/8		1/8	1		0	72		80
13	12	1/2	1/2	3/4	2	1	1/4		1/4	1		4	52		88
13	12	1/2	1/2	3/4	1	1	1/4		1/4	1		4	64		81
13	12	1/2	1/2	3/4	1	1	1/4		1/4	1		8	68		81
13	12	1/2	1/2	3/4	1	1	1/4		1/4	1		5	71		81
14	13	0	0	3/4	2	1	1/4		1/4	1		3	45		97
14	13	0	0	3/4	2	1	1/4		1/4	1		4	52		97
14	13	0	0	3/4	2	1	1/4		1/4	1		0	60		97
14	13	0	0	3/4	1	1	1/4		1/4	1		4	64		89
14	13	0	0	3/4	1	1	1/4		1/4	1		3	69		89
14	13	0	0	3/4	1	1	1/4		1/4	1		4	76		89
14	13	1/4	1/4	3/4	1	1	1/8		1/8	1		4	64		90
14	13	1/4	1/4	3/4	1	2	1/2		1/2	1		4	64		95
14	13	3/8	3/8	3/4	1	1	1/8		1/8	1		3	69		91
14	13	3/8	3/8	3/4	1	3	3/16		1/8	3/2		3	69		96
14	13	1/2	1/2	3/4	2	1	1/4		1/4	1		3	45		98
14	13	1/2	1/2	3/4	2	1	1/4		1/4	1		4	52		98
14	13	1/2	1/2	3/4	2	1	1/4		1/4	1		0	60		98
14	13	1/2	1/2	3/4	1	1	1/12		1/8	2/3		4	76		92
14	13	7/12	7/12	3/4	1	1	1/12		1/8	2/3		-1	77		93
14	13	2/3	2/3	3/4	1	1	1/12		1/8	2/3		4	76		94
15	14	0	0	3/4	2	1	1/2		1/2	1		5	47		106
15	14	0	0	3/4	2	1	1/2		1/2	1		6	54		106
15	14	0	0	3/4	2	1	1/2		1/2	1		5	59		106
15	14	0	0	3/4	1	1	3/8		1/4	3/2		9	75		99
15	14	1/8	1/8	3/4	1	2	1/8		1/8	1		9	63		102
15	14	1/8	1/8	3/4	1	3	3/8		1/4	3/2		9	63		104
15	14	1/4	1/4	3/4	1	2	1/8		1/8	1		3	69		103
15	14	1/4	1/4	3/4	1	4	1/4		1/4	1		3	69		105
15	14	3/8	3/8	3/4	1	1	1/8		1/8	1		9	75		100
15	14	1/2	1/2	3/4	2	1	1/4		1/4	1		4	52		107
15	14	1/2	1/2	3/4	2	1	1/4		1/4	1		5	59		107
15	14	1/2	1/2	3/4	1	1	1/4		1/4	1		4	64		101
15	14	1/2	1/2	3/4	1	1	1/4		1/4	1		8	68		101
15	14	1/2	1/2	3/4	1	1	1/4		1/4	1		2	74		101
16	15	0	0	3/4	2	1	1/4		1/4	1		3	57		117
16	15	0	0	3/4	1	1	1/4		1/4	1		4	64		108
16	15	0	0	3/4	1	1	1/4		1/4	1		3	69		108
16	15	0	0	3/4	1	1	1/4		1/4	1		0	72		108
16	15	1/4	1/4	3/4	1	1	1/8		1/8	1		4	64		109
16	15	1/4	1/4	3/4	1	2	1/4		1/4	1		4	64		114
16	15	3/8	3/8	3/4	1	1	1/8		1/8	1		3	69		110
16	15	3/8	3/8	3/4	1	3	3/8		1/4	3/2		3	69		116
16	15	1/2	1/2	3/4	2	1	1/4		1/4	1		0	48		118
16	15	1/2	1/2	3/4	2	1	1/4		1/4	1	1	3	57		118
16	15	1/2	1/2	3/4	1	2	1/4		1/4	1	1	4	64		115
16	15	1/2	1/2	3/4	1	1	1/12		1/8	2/3		0	72		111
16	15	7/12	7/12	3/4	1	1	1/12		1/8	2/3		2	74		112
16	15	2/3	2/3	3/4	1	1	1/12		1/8	2/3		0	72		113
17	16	0	0	3/4	2	1	1/2		1/2	1		2	50		128
17	16	0	0	3/4	2	1	1/2		1/2	1	-1	3	57		128
17	16	0	0	3/4	1	2	1/8		1/8	1	-1	4	64		122
17	16	0	0	3/4	1	1	3/8		1/4	3/2		5	71		119
17	16	1/8	1/8	3/4	1	2	1/8		1/8	1		-1	65		123
17	16	1/8	1/8	3/4	1	3	3/8		1/4	3/2		-1	65		126
17	16	1/4	1/4	3/4	1	2	1/8		1/8	1		3	69		124
17	16	1/4	1/4	3/4	1	4	1/4		1/4	1		3	69		127
17	16	3/8	3/8	3/4	1	1	1/8		1/8	1		0	72		120
17	16	1/2	1/2	3/4	2	1	1/4		1/4	1	1	1	55		129
17	16	1/2	1/2	3/4	1	2	1/4		1/4	1		2	62		125
17	16	1/2	1/2	3/4	1	1	1/4		1/4	1		5	71		121
18	17	0	0	3/4	2	2	1/4		1/4	1		0	48		136
18	17	0	0	3/4	2	1	1/4		1/4	1	-1	1	55		131
18	17	0	0	3/4	1	1	3/4		1/2	3/2		4	64		130
18	17	0	0	3/4	1	1	3/4		1/2	3/2		1	67		130
18	17	1/4	1/4	3/4	2	1	1/8		1/8	1		3	57		132
18	17	3/8	3/8	3/4	2	1	1/8		1/8	1		1	55		133
18	17	1/2	1/2	3/4	2	1	1/8		1/8	1		0	60		134
18	17	5/8	5/8	3/4	2	1	1/8		1/8	1		2	62		135
19	18	0	0	3/4	2	1	1/12		1/8	2/3		-3	63		138
19	18	0	0	3/4	1	1	3/4		1/2	3/2		6	66		137
19	18	0	0	3/4	1	1	3/4		1/2	3/2		3	69		137
19	18	0	0	3/4	1	1	3/4		1/2	3/2		0	72		137
19	18	1/12	1/12	3/4	2	1	1/12		1/8	2/3		-1	65		139
19	18	1/6	1/6	3/4	2	1	1/12		1/8	2/3		-3	63		140
19	18	1/4	1/4	3/4	2	1	1/8		1/8	1		2	62		141
19	18	3/8	3/8	3/4	2	1	1/8		1/8	1		-1	65		142
19	18	1/2	1/2	3/4	2	1	1/4		1/4	1		-3	63		143
20	19	0	0	3/4	2	1	1/4		1/4	1		2	62		145
20	19	0	0	3/4	1	1	3/4		1/2	3/2		6	66		144
20	19	0	0	3/4	1	1	3/4		1/2	3/2		3	69		144
20	19	0	0	3/4	1	1	3/4		1/2	3/2		0	72		144
20	19	0	0	3/4	1	1	3/4		1/2	3/2		2	74		144
20	19	1/4	1/4	3/4	2	1	1/8		1/8	1		7	61		146
20	19	3/8	3/8	3/4	2	1	1/8		1/8	1		2	62		147
20	19	1/2	1/2	3/4	2	1	1/8		1/8	1		4	64		148
20	19	5/8	5/8	3/4	2	1	1/8		1/8	1		2	62		149
21	20	0	0	3/4	2	1	1/4		1/4	1		3	57		152
21	20	1/4	1/4	3/4	2	1	1/4		1/4	1		2	50		153
21	20	1/4	1/4	3/4	1	1	1/4		1/4	1		0	60		150
21	20	1/4	1/4	3/4	1	1	1/4		1/4	1		2	62		150
21	20	1/4	1/4	3/4	1	1	1/4		1/4	1		6	66		150
21	20	1/4	1/4	3/4	1	1	1/4		1/4	1		3	69		150
21	20	1/2	1/2	3/4	2	1	1/4		1/4	1		1	43		154
21	20	1/2	1/2	3/4	1	1	1/4		1/4	1		5	59		151
21	20	1/2	1/2	3/4	1	1	1/4		1/4	1		-1	65		151
21	20	1/2	1/2	3/4	1	1	1/4		1/4	1		1	67		151
21	20	1/2	1/2	3/4	1	1	1/4		1/4	1		5	71		151
22	21	0	0	3/4	2	1	1/4		1/4	1		0	48		156
22	21	0	0	3/4	1	1	3/4		1/2	3/2		0	60		155
22	21	0	0	3/4	1	1	3/4		1/2	3/2		4	64		155
22	21	0	0	3/4	1	1	3/4		1/2	3/2		1	67		155
22	21	1/4	1/4	3/4	2	1	1/8		1/8	1		3	57		157
22	21	3/8	3/8	3/4	2	1	1/8		1/8	1		1	55		158
22	21	1/2	1/2	3/4	2	1	1/8		1/8	1		0	60		159
22	21	5/8	5/8	3/4	2	1	1/8		1/8	1		2	62		160
23	22	0	0	3/4	2	1	1/12		1/8	2/3		-3	63		162
23	22	0	0	3/4	1	1	3/4		1/2	3/2		6	66		161
23	22	0	0	3/4	1	1	3/4		1/2	3/2		3	69		161
23	22	0	0	3/4	1	1	3/4		1/2	3/2		0	72		161
23	22	1/12	1/12	3/4	2	1	1/12		1/8	2/3		-1	65		163
23	22	1/6	1/6	3/4	2	1	1/12		1/8	2/3		-3	63		164
23	22	1/4	1/4	3/4	2	1	1/8		1/8	1		2	62		165
23	22	3/8	3/8	3/4	2	1	1/8		1/8	1		-1	65		166
23	22	1/2	1/2	3/4	2	1	1/4		1/4	1		-3	63		167
24	23	0	0	3/4	2	1	1/4		1/4	1		2	62		169
24	23	0	0	3/4	1	1	3/4		1/2	3/2		6	66		168
24	23	0	0	3/4	1	1	3/4		1/2	3/2		3	69		168
24	23	0	0	3/4	1	1	3/4		1/2	3/2		0	72		168
24	23	0	0	3/4	1	1	3/4		1/2	3/2		2	74		168
24	23	1/4	1/4	3/4	2	1	1/8		1/8	1		7	61		170
24	23	3/8	3/8	3/4	2	1	1/8		1/8	1		2	62		171
24	23	1/2	1/2	3/4	2	1	1/8		1/8	1		4	64		172
24	23	5/8	5/8	3/4	2	1	1/8		1/8	1		2	62		173
25	24	0	0	3/4	2	1	1/4		1/4	1		3	57		176
25	24	1/4	1/4	3/4	2	1	1/4		1/4	1		2	50		177
25	24	1/4	1/4	3/4	1	1	1/4		1/4	1		0	60		174
25	24	1/4	1/4	3/4	1	1	1/4		1/4	1		2	62		174
25	24	1/4	1/4	3/4	1	1	1/4		1/4	1		6	66		174
25	24	1/4	1/4	3/4	1	1	1/4		1/4	1		3	69		174
25	24	1/2	1/2	3/4	2	1	1/4		1/4	1		1	43		178
25	24	1/2	1/2	3/4	1	1	1/4		1/4	1		5	59		175
25	24	1/2	1/2	3/4	1	1	1/4		1/4	1		-1	65		175
25	24	1/2	1/2	3/4	1	1	1/4		1/4	1		1	67		175
25	24	1/2	1/2	3/4	1	1	1/4		1/4	1		5	71		175
26	25	0	0	3/4	2	1	1/4		1/4	1		0	48		188
26	25	0	0	3/4	2	1	1/4		1/4	1		1	55		188
26	25	0	0	3/4	2	1	1/4		1/4	1		4	64		188
26	25	0	0	3/4	1	2	1/4		1/4	1		1	67		183
26	25	0	0	3/4	1	2	1/4		1/4	1		0	72		183
26	25	0	0	3/4	1	1	1/2		1/2	1		1	79		179
26	25	1/4	1/4	3/4	1	2	1/8		1/8	1		1	67		184
26	25	1/4	1/4	3/4	1	3	1/2		1/2	1		1	67		186
26	25	3/8	3/8	3/4	1	2	1/8		1/8	1		0	72		185
26	25	3/8	3/8	3/4	1	4	3/8		1/4	3/2		0	72		187
26	25	1/2	1/2	3/4	2	1	1/4		1/4	1		0	48		189
26	25	1/2	1/2	3/4	2	1	1/4		1/4	1		1	55		189
26	25	1/2	1/2	3/4	2	1	1/4		1/4	1		4	64		189
26	25	1/2	1/2	3/4	1	1	1/12		1/8	2/3		1	79		180
26	25	7/12	7/12	3/4	1	1	1/12		1/8	2/3		3	81		181
26	25	2/3	2/3	3/4	1	1	1/12		1/8	2/3		1	79		182
27	26	0	0	3/4	2	1	1/2		1/2	1		2	50		198
27	26	0	0	3/4	2	1	1/2		1/2	1		2	62		198
27	26	0	0	3/4	1	1	3/8		1/4	3/2		6	78		190
27	26	1/8	1/8	3/4	1	2	1/8		1/8	1		3	69		193
27	26	1/8	1/8	3/4	1	3	3/8		1/4	3/2		3	69		196
27	26	1/4	1/4	3/4	1	2	1/8		1/8	1		0	72		194
27	26	1/4	1/4	3/4	1	4	1/4		1/4	1		0	72		197
27	26	3/8	3/8	3/4	1	1	1/8		1/8	1		6	78		191
27	26	1/2	1/2	3/4	2	1	1/4		1/4	1		1	55		199
27	26	1/2	1/2	3/4	2	1	1/4		1/4	1		2	62		199
27	26	1/2	1/2	3/4	1	2	1/4		1/4	1		5	71		195
27	26	1/2	1/2	3/4	1	1	1/4		1/4	1		-1	77		192
28	27	0	0	3/4	2	1	1/4		1/4	1		0	48		209
28	27	0	0	3/4	2	1	1/4		1/4	1		1	55		209
28	27	0	0	3/4	2	1	1/4		1/4	1		4	64		209
28	27	0	0	3/4	1	1	1/4		1/4	1		1	67		200
28	27	0	0	3/4	1	1	1/4		1/4	1		0	72		200
28	27	0	0	3/4	1	1	1/4		1/4	1		4	76		200
28	27	1/4	1/4	3/4	1	1	1/8		1/8	1		1	67		201
28	27	1/4	1/4	3/4	1	2	1/4		1/4	1		1	67		206
28	27	3/8	3/8	3/4	1	1	1/8		1/8	1		0	72		202
28	27	3/8	3/8	3/4	1	3	3/8		1/4	3/2		0	72		208
28	27	1/2	1/2	3/4	2	1	1/4		1/4	1		1	43		210
28	27	1/2	1/2	3/4	2	1	1/4		1/4	1		1	55		210
28	27	1/2	1/2	3/4	1	2	1/4		1/4	1	1	1	67		207
28	27	1/2	1/2	3/4	1	1	1/12		1/8	2/3		4	76		203
28	27	7/12	7/12	3/4	1	1	1/12		1/8	2/3		-1	77		204
28	27	2/3	2/3	3/4	1	1	1/12		1/8	2/3		4	76		205
29	28	0	0	3/4	2	1	1/2		1/2	1		1	43		220
29	28	0	0	3/4	2	1	1/2		1/2	1		3	57		220
29	28	0	0	3/4	1	2	1/8		1/8	1	-1	1	67		214
29	28	0	0	3/4	1	1	3/8		1/4	3/2		9	75		211
29	28	1/8	1/8	3/4	1	2	1/8		1/8	1		6	66		215
29	28	1/8	1/8	3/4	1	3	3/8		1/4	3/2		6	66		218
29	28	1/4	1/4	3/4	1	2	1/8		1/8	1		0	72		216
29	28	1/4	1/4	3/4	1	4	1/4		1/4	1		0	72		219
29	28	3/8	3/8	3/4	1	1	1/8		1/8	1		9	75		212
29	28	1/2	1/2	3/4	2	1	1/4		1/4	1		1	43		221
29	28	1/2	1/2	3/4	2	1	1/4		1/4	1		5	59		221
29	28	1/2	1/2	3/4	1	2	1/4		1/4	1		-1	65		217
29	28	1/2	1/2	3/4	1	1	1/4		1/4	1		2	74		213
30	29	0	0	3/4	2	1	1/4		1/4	1		0	48		230
30	29	0	0	3/4	2	1	1/4		1/4	1		1	55		230
30	29	0	0	3/4	1	1	1/4		1/4	1		4	64		222
30	29	0	0	3/4	1	1	1/4		1/4	1		0	72		222
30	29	0	0	3/4	1	1	1/4		1/4	1		1	79		222
30	29	1/4	1/4	3/4	1	1	1/8		1/8	1		1	67		223
30	29	1/4	1/4	3/4	1	2	1/2		1/2	1		1	67		228
30	29	3/8	3/8	3/4	1	1	1/8		1/8	1		0	72		224
30	29	3/8	3/8	3/4	1	3	3/8		1/4	3/2		0	72		229
30	29	1/2	1/2	3/4	2	1	1/4		1/4	1		0	48		231
30	29	1/2	1/2	3/4	2	1	1/4		1/4	1		1	55		231
30	29	1/2	1/2	3/4	2	1	1/4		1/4	1		4	64		231
30	29	1/2	1/2	3/4	1	1	1/12		1/8	2/3		1	79		225
30	29	7/12	7/12	3/4	1	1	1/12		1/8	2/3		3	81		226
30	29	2/3	2/3	3/4	1	1	1/12		1/8	2/3		1	79		227
31	30	0	0	3/4	2	1	1/2		1/2	1		2	50		240
31	30	0	0	3/4	2	1	1/2		1/2	1		2	62		240
31	30	0	0	3/4	1	1	3/8		1/4	3/2		6	78		232
31	30	1/8	1/8	3/4	1	2	1/8		1/8	1		3	69		235
31	30	1/8	1/8	3/4	1	3	3/8		1/4	3/2		3	69		238
31	30	1/4	1/4	3/4	1	2	1/8		1/8	1		0	72		236
31	30	1/4	1/4	3/4	1	4	1/4		1/4	1		0	72		239
31	30	3/8	3/8	3/4	1	1	1/8		1/8	1		6	78		233
31	30	1/2	1/2	3/4	2	1	1/4		1/4	1		1	55		241
31	30	1/2	1/2	3/4	2	1	1/4		1/4	1		2	62		241
31	30	1/2	1/2	3/4	1	2	1/4		1/4	1		5	71		237
31	30	1/2	1/2	3/4	1	1	1/4		1/4	1		-1	77		234
32	31	0	0	3/4	2	1	1/4		1/4	1		0	48		250
32	31	0	0	3/4	2	1	1/4		1/4	1		1	55		250
32	31	0	0	3/4	2	1	1/4		1/4	1		4	64		250
32	31	0	0	3/4	1	1	1/4		1/4	1		1	67		242
32	31	0	0	3/4	1	1	1/4		1/4	1		0	72		242
32	31	0	0	3/4	1	1	1/4		1/4	1		4	76		242
32	31	1/4	1/4	3/4	1	1	1/8		1/8	1		1	67		243
32	31	1/4	1/4	3/4	1	2	1/2		1/2	1		1	67		248
32	31	3/8	3/8	3/4	1	1	1/8		1/8	1		0	72		244
32	31	3/8	3/8	3/4	1	3	3/8		1/4	3/2		0	72		249
32	31	1/2	1/2	3/4	2	1	1/4		1/4	1		0	36		251
32	31	1/2	1/2	3/4	2	1	1/4		1/4	1		0	48		251
32	31	1/2	1/2	3/4	1	1	1/12		1/8	2/3		4	76		245
32	31	7/12	7/12	3/4	1	1	1/12		1/8	2/3		-1	77		246
32	31	2/3	2/3	3/4	1	1	1/12		1/8	2/3		4	76		247
33	32	0	0	3/4	2	1	1/2		1/2	1		2	38		259
33	32	0	0	3/4	2	1	1/2		1/2	1		2	50		259
33	32	0	0	3/4	1	1	3/8		1/4	3/2		2	74		252
33	32	1/8	1/8	3/4	1	2	1/8		1/8	1		-1	65		255
33	32	1/8	1/8	3/4	1	3	3/8		1/4	3/2		-1	65		257
33	32	1/4	1/4	3/4	1	2	1/8		1/8	1		5	71		256
33	32	1/4	1/4	3/4	1	4	1/4		1/4	1		5	71		258
33	32	3/8	3/8	3/4	1	1	1/8		1/8	1		2	74		253
33	32	1/2	1/2	3/4	2	1	1/4		1/4	1		9	39		260
33	32	1/2	1/2	3/4	2	1	1/4		1/4	1		9	51		260
33	32	1/2	1/2	3/4	1	1	1/4		1/4	1		6	66		254
33	32	1/2	1/2	3/4	1	1	1/4		1/4	1		3	69		254
33	32	1/2	1/2	3/4	1	1	1/4		1/4	1		0	72		254
34	33	0	0	3/4	2	1	1/4		1/4	1		4	40		262
34	33	0	0	3/4	2	1	1/4		1/4	1		4	52		262
34	33	0	0	3/4	1	1	3/4		1/2	3/2		2	62		261
34	33	0	0	3/4	1	1	3/4		1/2	3/2		4	64		261
34	33	0	0	3/4	1	1	3/4		1/2	3/2		8	68		261
34	33	0	0	3/4	1	1	3/4		1/2	3/2		5	71		261
34	33	1/4	1/4	3/4	2	1	1/8		1/8	1		-1	53		263
34	33	3/8	3/8	3/4	2	1	1/8		1/8	1		4	52		264
34	33	1/2	1/2	3/4	2	1	1/8		1/8	1		3	57		265
34	33	5/8	5/8	3/4	2	1	1/8		1/8	1		5	59		266
35	34	0	0	3/4	2	1	1/12		1/8	2/3		0	60		268
35	34	0	0	3/4	1	1	3/4		1/2	3/2		9	63		267
35	34	0	0	3/4	1	1	3/4		1/2	3/2		6	66		267
35	34	0	0	3/4	1	1	3/4		1/2	3/2		3	69		267
35	34	1/12	1/12	3/4	2	1	1/12		1/8	2/3		2	62		269
35	34	1/6	1/6	3/4	2	1	1/12		1/8	2/3		0	60		270
35	34	1/4	1/4	3/4	2	1	1/8		1/8	1		5	59		271
35	34	3/8	3/8	3/4	2	1	1/8		1/8	1		2	62		272
35	34	1/2	1/2	3/4	2	1	1/4		1/4	1		0	60		273
36	35	0	0	3/4	2	1	1/4		1/4	1		5	59		275
36	35	0	0	3/4	1	1	3/4		1/2	3/2		9	63		274
36	35	0	0	3/4	1	1	3/4		1/2	3/2		6	66		274
36	35	0	0	3/4	1	1	3/4		1/2	3/2		3	69		274
36	35	0	0	3/4	1	1	3/4		1/2	3/2		5	71		274
36	35	1/4	1/4	3/4	2	1	1/8		1/8	1		10	58		276
36	35	3/8	3/8	3/4	2	1	1/8		1/8	1		5	59		277
36	35	1/2	1/2	3/4	2	1	1/8		1/8	1		0	60		278
36	35	5/8	5/8	3/4	2	1	1/8		1/8	1		5	59		279
37	36	0	0	3/4	2	1	1/4		1/4	1		6	54		282
37	36	1/4	1/4	3/4	2	1	1/4		1/4	1		5	47		283
37	36	1/4	1/4	3/4	1	1	1/4		1/4	1		3	57		280
37	36	1/4	1/4	3/4	1	1	1/4		1/4	1		5	59		280
37	36	1/4	1/4	3/4	1	1	1/4		1/4	1		9	63		280
37	36	1/4	1/4	3/4	1	1	1/4		1/4	1		6	66		280
37	36	1/2	1/2	3/4	2	1	1/4		1/4	1		4	40		284
37	36	1/2	1/2	3/4	1	1	1/4		1/4	1		8	56		281
37	36	1/2	1/2	3/4	1	1	1/4		1/4	1		2	62		281
37	36	1/2	1/2	3/4	1	1	1/4		1/4	1		4	64		281
37	36	1/2	1/2	3/4	1	1	1/4		1/4	1		8	68		281
38	37	0	0	3/4	2	2	3/4		1/2	3/2		3	45		291
38	37	0	0	3/4	2	1	1/4		1/4	1		4	52		286
38	37	0	0	3/4	1	1	3/4		1/2	3/2		3	57		285
38	37	0	0	3/4	1	1	3/4		1/2	3/2		0	60		285
38	37	0	0	3/4	1	1	3/4		1/2	3/2		4	64		285
38	37	1/4	1/4	3/4	2	1	1/8		1/8	1		-1	53		287
38	37	3/8	3/8	3/4	2	1	1/8		1/8	1		4	52		288
38	37	1/2	1/2	3/4	2	1	1/8		1/8	1		3	57		289
38	37	5/8	5/8	3/4	2	1	1/8		1/8	1		5	59		290
39	38	0	0	3/4	2	1	1/12		1/8	2/3		0	60		293
39	38	0	0	3/4	1	1	3/4		1/2	3/2		9	63		292
39	38	0	0	3/4	1	1	3/4		1/2	3/2		6	66		292
39	38	0	0	3/4	1	1	3/4		1/2	3/2		3	69		292
39	38	1/12	1/12	3/4	2	1	1/12		1/8	2/3		2	62		294
39	38	1/6	1/6	3/4	2	1	1/12		1/8	2/3		0	60		295
39	38	1/4	1/4	3/4	2	1	1/8		1/8	1		5	59		296
39	38	3/8	3/8	3/4	2	1	1/8		1/8	1		2	62		297
39	38	1/2	1/2	3/4	2	1	1/4		1/4	1		0	60		298
40	39	0	0	3/4	2	1	1/4		1/4	1		5	59		300
40	39	0	0	3/4	1	1	3/4		1/2	3/2		9	63		299
40	39	0	0	3/4	1	1	3/4		1/2	3/2		6	66		299
40	39	0	0	3/4	1	1	3/4		1/2	3/2		3	69		299
40	39	0	0	3/4	1	1	3/4		1/2	3/2		5	71		299
40	39	1/4	1/4	3/4	2	1	1/8		1/8	1		10	58		301
40	39	3/8	3/8	3/4	2	1	1/8		1/8	1		5	59		302
40	39	1/2	1/2	3/4	2	1	1/8		1/8	1		0	60		303
40	39	5/8	5/8	3/4	2	1	1/8		1/8	1		5	59		304
41	40	0	0	3/4	2	1	1/4		1/4	1		6	54		307
41	40	1/4	1/4	3/4	2	1	1/4		1/4	1		5	47		308
41	40	1/4	1/4	3/4	1	1	1/4		1/4	1		3	57		305
41	40	1/4	1/4	3/4	1	1	1/4		1/4	1		5	59		305
41	40	1/4	1/4	3/4	1	1	1/4		1/4	1		9	63		305
41	40	1/4	1/4	3/4	1	1	1/4		1/4	1		6	66		305
41	40	1/2	1/2	3/4	2	1	1/4		1/4	1		4	40		309
41	40	1/2	1/2	3/4	1	1	1/4		1/4	1		8	56		306
41	40	1/2	1/2	3/4	1	1	1/4		1/4	1		2	62		306
41	40	1/2	1/2	3/4	1	1	1/4		1/4	1		4	64		306
41	40	1/2	1/2	3/4	1	1	1/4		1/4	1		8	68		306
42	81	0	0	3/4	2	2	1/2		1/2	1		6	42		316
42	81	0	0	3/4	1	1	1/8		1/8	1		2	62		310
42	81	0	0	3/4	1	1	1/8		1/8	1		2	74		310
42	81	1/8	1/8	3/4	1	1	1/8		1/8	1		7	61		311
42	81	1/8	1/8	3/4	1	1	1/8		1/8	1		7	73		311
42	81	1/4	1/4	3/4	2	1	1/2		1/2	1		2	50		315
42	81	1/4	1/4	3/4	1	1	1/4		1/4	1		5	59		312
42	81	1/4	1/4	3/4	1	1	1/4		1/4	1		5	71		312
42	81	1/2	1/2	3/4	2	2	1/4		1/4	1		8	44		317
42	81	1/2	1/2	3/4	1	1	1/8		1/8	1		7	61		313
42	81	1/2	1/2	3/4	1	1	1/8		1/8	1		7	73		313
42	81	5/8	5/8	3/4	1	1	1/8		1/8	1		5	59		314
42	81	5/8	5/8	3/4	1	1	1/8		1/8	1		5	71		314
43	82	0	0	3/4	2	1	1/4		1/4	1		3	45		323
43	82	0	0	3/4	1	1	1/8		1/8	1		3	57		318
43	82	0	0	3/4	1	1	1/8		1/8	1		3	69		318
43	82	1/8	1/8	3/4	1	1	1/8		1/8	1		8	56		319
43	82	1/8	1/8	3/4	1	1	1/8		1/8	1		8	68		319
43	82	1/4	1/4	3/4	2	1	1/4		1/4	1		2	50		324
43	82	1/4	1/4	3/4	1	1	1/4		1/4	1		6	54		320
43	82	1/4	1/4	3/4	1	1	1/4		1/4	1		6	66		320
43	82	1/2	1/2	3/4	2	1	1/4		1/4	1		3	33		325
43	82	1/2	1/2	3/4	1	1	1/8		1/8	1		8	56		321
43	82	1/2	1/2	3/4	1	1	1/8		1/8	1		8	68		321
43	82	5/8	5/8	3/4	1	1	1/8		1/8	1		6	54		322
43	82	5/8	5/8	3/4	1	1	1/8		1/8	1		6	66		322
44	83	0	0	3/4	2	1	1/4		1/4	1		8	32		331
44	83	0	0	3/4	1	1	1/8		1/8	1		4	52		326
44	83	0	0	3/4	1	1	1/8		1/8	1		4	64		326
44	83	1/8	1/8	3/4	1	1	1/8		1/8	1		6	54		327
44	83	1/8	1/8	3/4	1	1	1/8		1/8	1		6	66		327
44	83	1/4	1/4	3/4	2	1	1/4		1/4	1		2	50		332
44	83	1/4	1/4	3/4	1	1	1/4		1/4	1		8	56		328
44	83	1/4	1/4	3/4	1	1	1/4		1/4	1		8	68		328
44	83	1/2	1/2	3/4	2	1	1/4		1/4	1		4	28		333
44	83	1/2	1/2	3/4	1	1	1/8		1/8	1		3	57		329
44	83	1/2	1/2	3/4	1	1	1/8		1/8	1		3	69		329
44	83	5/8	5/8	3/4	1	1	1/8		1/8	1		5	59		330
44	83	5/8	5/8	3/4	1	1	1/8		1/8	1		5	71		330
45	84	0	0	3/4	2	1	1/4		1/4	1		3	33		339
45	84	0	0	3/4	1	1	1/8		1/8	1		7	61		334
45	84	0	0	3/4	1	1	1/8		1/8	1		7	73		334
45	84	1/8	1/8	3/4	1	1	1/8		1/8	1		2	62		335
45	84	1/8	1/8	3/4	1	1	1/8		1/8	1		2	74		335
45	84	1/4	1/4	3/4	2	1	1/4		1/4	1		4	52		340
45	84	1/4	1/4	3/4	2	1	1/4		1/4	1		7	61		340
45	84	1/4	1/4	3/4	1	1	1/4		1/4	1		9	63		336
45	84	1/4	1/4	3/4	1	1	1/4		1/4	1		9	75		336
45	84	1/2	1/2	3/4	2	1	1/4		1/4	1		3	45		341
45	84	1/2	1/2	3/4	1	1	1/8		1/8	1		4	64		337
45	84	1/2	1/2	3/4	1	1	1/8		1/8	1		4	76		337
45	84	5/8	5/8	3/4	1	1	1/8		1/8	1		11	65		338
45	84	5/8	5/8	3/4	1	1	1/8		1/8	1		11	77		338
46	85	0	0	3/4	2	2	1/2		1/2	1		2	50		348
46	85	0	0	3/4	1	1	1/8		1/8	1		8	68		342
46	85	0	0	3/4	1	1	1/8		1/8	1		8	80		342
46	85	1/8	1/8	3/4	1	1	1/8		1/8	1		6	66		343
46	85	1/8	1/8	3/4	1	1	1/8		1/8	1		6	78		343
46	85	1/4	1/4	3/4	2	1	1/2		1/2	1	1	3	57		347
46	85	1/4	1/4	3/4	1	1	1/4		1/4	1		3	69		344
46	85	1/4	1/4	3/4	1	1	1/4		1/4	1		3	81		344
46	85	1/2	1/2	3/4	2	2	1/4		1/4	1		2	50		349
46	85	1/2	1/2	3/4	1	1	1/8		1/8	1		6	66		345
46	85	1/2	1/2	3/4	1	1	1/8		1/8	1		6	78		345
46	85	5/8	5/8	3/4	1	1	1/8		1/8	1		8	68		346
46	85	5/8	5/8	3/4	1	1	1/8		1/8	1		8	80		346
47	86	0	0	3/4	2	2	1/2		1/2	1		7	49		357
47	86	0	0	3/4	2	1	1/4		1/4	1	-1	3	57		355
47	86	0	0	3/4	1	1	1/8		1/8	1		6	66		350
47	86	0	0	3/4	1	1	1/8		1/8	1		6	78		350
47	86	1/8	1/8	3/4	1	1	1/8		1/8	1		4	64		351
47	86	1/8	1/8	3/4	1	1	1/8		1/8	1		4	76		351
47	86	1/4	1/4	3/4	2	1	1/2		1/2	1	1	3	57		356
47	86	1/4	1/4	3/4	1	1	1/4		1/4	1		3	69		352
47	86	1/4	1/4	3/4	1	1	1/4		1/4	1		3	81		352
47	86	1/2	1/2	3/4	2	2	1/4		1/4	1		7	49		358
47	86	1/2	1/2	3/4	1	1	1/8		1/8	1		4	64		353
47	86	1/2	1/2	3/4	1	1	1/8		1/8	1		4	76		353
47	86	5/8	5/8	3/4	1	1	1/8		1/8	1		6	66		354
47	86	5/8	5/8	3/4	1	1	1/8		1/8	1		6	78		354
48	87	0	0	3/4	2	2	1/2		1/2	1		5	47		366
48	87	0	0	3/4	2	1	1/4		1/4	1	-1	3	57		364
48	87	0	0	3/4	1	1	1/8		1/8	1		4	64		359
48	87	0	0	3/4	1	1	1/8		1/8	1		4	76		359
48	87	1/8	1/8	3/4	1	1	1/8		1/8	1		2	62		360
48	87	1/8	1/8	3/4	1	1	1/8		1/8	1		2	74		360
48	87	1/4	1/4	3/4	2	1	1/4		1/4	1		8	56		365
48	87	1/4	1/4	3/4	1	1	1/4		1/4	1		6	66		361
48	87	1/4	1/4	3/4	1	1	1/4		1/4	1		6	78		361
48	87	1/2	1/2	3/4	2	2	1/4		1/4	1		4	40		367
48	87	1/2	1/2	3/4	1	1	1/8		1/8	1		2	62		362
48	87	1/2	1/2	3/4	1	1	1/8		1/8	1		2	74		362
48	87	5/8	5/8	3/4	1	1	1/8		1/8	1		4	64		363
48	87	5/8	5/8	3/4	1	1	1/8		1/8	1		4	76		363
49	88	0	0	3/4	2	2	1/2		1/2	1		3	45		374
49	88	0	0	3/4	1	1	1/8		1/8	1		2	62		368
49	88	0	0	3/4	1	1	1/8		1/8	1		2	74		368
49	88	1/8	1/8	3/4	1	1	1/8		1/8	1		7	61		369
49	88	1/8	1/8	3/4	1	1	1/8		1/8	1		7	73		369
49	88	1/4	1/4	3/4	2	1	1/4		1/4	1		4	52		373
49	88	1/4	1/4	3/4	2	1	1/4		1/4	1		3	57		373
49	88	1/4	1/4	3/4	1	1	1/4		1/4	1		6	66		370
49	88	1/4	1/4	3/4	1	1	1/4		1/4	1		6	78		370
49	88	1/2	1/2	3/4	2	2	1/4		1/4	1	1	4	40		375
49	88	1/2	1/2	3/4	1	1	1/8		1/8	1		7	61		371
49	88	1/2	1/2	3/4	1	1	1/8		1/8	1		7	73		371
49	88	5/8	5/8	3/4	1	1	1/8		1/8	1		4	64		372
49	88	5/8	5/8	3/4	1	1	1/8		1/8	1		4	76		372
50	89	0	0	3/4	2	1	1/4		1/4	1	-1	4	40		381
50	89	0	0	3/4	2	1	1/4		1/4	1		5	47		381
50	89	0	0	3/4	1	1	1/8		1/8	1		2	62		376
50	89	0	0	3/4	1	1	1/8		1/8	1		2	74		376
50	89	1/8	1/8	3/4	1	1	1/8		1/8	1		7	61		377
50	89	1/8	1/8	3/4	1	1	1/8		1/8	1		7	73		377
50	89	1/4	1/4	3/4	2	1	1/4		1/4	1		2	50		382
50	89	1/4	1/4	3/4	2	1	1/4		1/4	1		8	56		382
50	89	1/4	1/4	3/4	1	1	1/4		1/4	1		5	59		378
50	89	1/4	1/4	3/4	1	1	1/4		1/4	1		5	71		378
50	89	1/2	1/2	3/4	2	1	1/4		1/4	1		11	41		383
50	89	1/2	1/2	3/4	1	1	1/8		1/8	1		7	61		379
50	89	1/2	1/2	3/4	1	1	1/8		1/8	1		7	73		379
50	89	5/8	5/8	3/4	1	1	1/8		1/8	1		5	59		380
50	89	5/8	5/8	3/4	1	1	1/8		1/8	1		5	71		380
51	90	0	0	3/4	2	1	1/4		1/4	1		6	42		389
51	90	0	0	3/4	1	1	1/8		1/8	1		3	57		384
51	90	0	0	3/4	1	1	1/8		1/8	1		3	69		384
51	90	1/8	1/8	3/4	1	1	1/8		1/8	1		8	56		385
51	90	1/8	1/8	3/4	1	1	1/8		1/8	1		8	68		385
51	90	1/4	1/4	3/4	2	1	1/4		1/4	1		2	50		390
51	90	1/4	1/4	3/4	1	1	1/4		1/4	1		6	54		386
51	90	1/4	1/4	3/4	1	1	1/4		1/4	1		6	66		386
51	90	1/2	1/2	3/4	2	1	1/4		1/4	1		3	33		391
51	90	1/2	1/2	3/4	1	1	1/8		1/8	1		8	56		387
51	90	1/2	1/2	3/4	1	1	1/8		1/8	1		8	68		387
51	90	5/8	5/8	3/4	1	1	1/8		1/8	1		6	54		388
51	90	5/8	5/8	3/4	1	1	1/8		1/8	1		6	66		388
52	91	0	0	3/4	2	1	1/4		1/4	1		8	32		397
52	91	0	0	3/4	1	1	1/8		1/8	1		4	52		392
52	91	0	0	3/4	1	1	1/8		1/8	1		4	64		392
52	91	1/8	1/8	3/4	1	1	1/8		1/8	1		6	54		393
52	91	1/8	1/8	3/4	1	1	1/8		1/8	1		6	66		393
52	91	1/4	1/4	3/4	2	1	1/4		1/4	1		2	50		398
52	91	1/4	1/4	3/4	1	1	1/4		1/4	1		8	56		394
52	91	1/4	1/4	3/4	1	1	1/4		1/4	1		8	68		394
52	91	1/2	1/2	3/4	2	1	1/4		1/4	1		4	28		399
52	91	1/2	1/2	3/4	1	1	1/8		1/8	1		3	57		395
52	91	1/2	1/2	3/4	1	1	1/8		1/8	1		3	69		395
52	91	5/8	5/8	3/4	1	1	1/8		1/8	1		5	59		396
52	91	5/8	5/8	3/4	1	1	1/8		1/8	1		5	71		396
53	92	0	0	3/4	2	1	1/4		1/4	1		3	33		405
53	92	0	0	3/4	1	1	1/8		1/8	1		7	61		400
53	92	0	0	3/4	1	1	1/8		1/8	1		7	73		400
53	92	1/8	1/8	3/4	1	1	1/8		1/8	1		2	62		401
53	92	1/8	1/8	3/4	1	1	1/8		1/8	1		2	74		401
53	92	1/4	1/4	3/4	2	1	1/4		1/4	1		4	52		406
53	92	1/4	1/4	3/4	2	1	1/4		1/4	1		7	61		406
53	92	1/4	1/4	3/4	1	1	1/4		1/4	1		9	63		402
53	92	1/4	1/4	3/4	1	1	1/4		1/4	1		9	75		402
53	92	1/2	1/2	3/4	2	1	1/4		1/4	1		3	45		407
53	92	1/2	1/2	3/4	1	1	1/8		1/8	1		4	64		403
53	92	1/2	1/2	3/4	1	1	1/8		1/8	1		4	76		403
53	92	5/8	5/8	3/4	1	1	1/8		1/8	1		11	65		404
53	92	5/8	5/8	3/4	1	1	1/8		1/8	1		11	77		404
54	93	0	0	3/4	2	1	1/4		1/4	1		8	44		413
54	93	0	0	3/4	1	1	1/8		1/8	1		6	66		408
54	93	0	0	3/4	1	1	1/8		1/8	1		6	78		408
54	93	1/8	1/8	3/4	1	1	1/8		1/8	1		13	67		409
54	93	1/8	1/8	3/4	1	1	1/8		1/8	1		13	79		409
54	93	1/4	1/4	3/4	2	1	1/4		1/4	1		11	53		414
54	93	1/4	1/4	3/4	2	1	1/4		1/4	1		7	61		414
54	93	1/4	1/4	3/4	1	1	1/4		1/4	1		8	68		410
54	93	1/4	1/4	3/4	1	1	1/4		1/4	1		8	80		410
54	93	1/2	1/2	3/4	2	1	1/4		1/4	1		8	44		415
54	93	1/2	1/2	3/4	1	1	1/8		1/8	1		10	70		411
54	93	1/2	1/2	3/4	1	1	1/8		1/8	1		10	82		411
54	93	5/8	5/8	3/4	1	1	1/8		1/8	1		12	72		412
54	93	5/8	5/8	3/4	1	1	1/8		1/8	1		12	84		412
55	94	0	0	3/4	2	1	1/4		1/4	1		8	32		421
55	94	0	0	3/4	1	1	1/8		1/8	1		7	73		416
55	94	0	0	3/4	1	1	1/8		1/8	1		7	85		416
55	94	1/8	1/8	3/4	1	1	1/8		1/8	1		9	75		417
55	94	1/8	1/8	3/4	1	1	1/8		1/8	1		9	87		417
55	94	1/4	1/4	3/4	2	1	1/4		1/4	1		7	61		422
55	94	1/4	1/4	3/4	2	1	1/4		1/4	1		11	65		422
55	94	1/4	1/4	3/4	2	1	1/4		1/4	1		7	73		422
55	94	1/4	1/4	3/4	1	1	1/4		1/4	1		11	77		418
55	94	1/4	1/4	3/4	1	1	1/4		1/4	1		11	89		418
55	94	1/2	1/2	3/4	2	1	1/4		1/4	1		8	56		423
55	94	1/2	1/2	3/4	1	1	1/8		1/8	1		6	66		419
55	94	1/2	1/2	3/4	1	1	1/8		1/8	1		6	78		419
55	94	5/8	5/8	3/4	1	1	1/8		1/8	1		13	67		420
55	94	5/8	5/8	3/4	1	1	1/8		1/8	1		13	79		420
56	95	0	0	3/4	2	1	1/4		1/4	1		8	44		429
56	95	0	0	3/4	1	1	1/8		1/8	1		10	70		424
56	95	0	0	3/4	1	1	1/8		1/8	1		10	82		424
56	95	1/8	1/8	3/4	1	1	1/8		1/8	1		8	68		425
56	95	1/8	1/8	3/4	1	1	1/8		1/8	1		8	80		425
56	95	1/4	1/4	3/4	2	1	1/4		1/4	1		9	63		430
56	95	1/4	1/4	3/4	1	1	1/4		1/4	1		6	66		426
56	95	1/4	1/4	3/4	2	1	1/4		1/4	1		6	66		430
56	95	1/4	1/4	3/4	2	1	1/4		1/4	1		12	72		430
56	95	1/4	1/4	3/4	1	1	1/4		1/4	1		6	78		426
56	95	1/2	1/2	3/4	2	1	1/4		1/4	1		8	56		431
56	95	1/2	1/2	3/4	1	1	1/8		1/8	1		11	65		427
56	95	1/2	1/2	3/4	1	1	1/8		1/8	1		11	77		427
56	95	5/8	5/8	3/4	1	1	1/8		1/8	1		9	63		428
56	95	5/8	5/8	3/4	1	1	1/8		1/8	1		9	75		428
57	96	0	0	3/4	2	1	1/4		1/4	1		7	49		437
57	96	0	0	3/4	1	1	1/8		1/8	1		6	66		432
57	96	0	0	3/4	1	1	1/8		1/8	1		6	78		432
57	96	1/8	1/8	3/4	1	1	1/8		1/8	1		11	65		433
57	96	1/8	1/8	3/4	1	1	1/8		1/8	1		11	77		433
57	96	1/4	1/4	3/4	2	1	1/4		1/4	1		8	56		438
57	96	1/4	1/4	3/4	2	1	1/4		1/4	1		11	65		438
57	96	1/4	1/4	3/4	1	1	1/4		1/4	1		7	73		434
57	96	1/4	1/4	3/4	1	1	1/4		1/4	1		7	85		434
57	96	1/2	1/2	3/4	2	1	1/4		1/4	1		7	49		439
57	96	1/2	1/2	3/4	1	1	1/8		1/8	1		12	72		435
57	96	1/2	1/2	3/4	1	1	1/8		1/8	1		12	84		435
57	96	5/8	5/8	3/4	1	1	1/8		1/8	1		7	73		436
57	96	5/8	5/8	3/4	1	1	1/8		1/8	1		7	85		436
58	97	0	0	3/4	2	1	1/4		1/4	1		5	47		445
58	97	0	0	3/4	1	1	1/8		1/8	1		2	74		440
58	97	0	0	3/4	1	1	1/8		1/8	1		2	86		440
58	97	1/8	1/8	3/4	1	1	1/8		1/8	1		7	73		441
58	97	1/8	1/8	3/4	1	1	1/8		1/8	1		7	85		441
58	97	1/4	1/4	3/4	2	1	1/4		1/4	1		3	57		446
58	97	1/4	1/4	3/4	2	1	1/4		1/4	1		5	59		446
58	97	1/4	1/4	3/4	2	1	1/4		1/4	1		6	66		446
58	97	1/4	1/4	3/4	1	1	1/4		1/4	1		5	71		442
58	97	1/4	1/4	3/4	1	1	1/4		1/4	1		5	83		442
58	97	1/2	1/2	3/4	2	1	1/4		1/4	1		4	52		447
58	97	1/2	1/2	3/4	2	1	1/4		1/4	1		8	56		447
58	97	1/2	1/2	3/4	2	1	1/4		1/4	1	1	4	64		447
58	97	1/2	1/2	3/4	1	1	1/8		1/8	1		7	73		443
58	97	1/2	1/2	3/4	1	1	1/8		1/8	1		7	85		443
58	97	5/8	5/8	3/4	1	1	1/8		1/8	1		5	71		444
58	97	5/8	5/8	3/4	1	1	1/8		1/8	1		5	83		444
59	98	0	0	3/4	2	2	1/2		1/2	1		6	54		455
59	98	0	0	3/4	2	1	1/4		1/4	1	-1	4	64		453
59	98	0	0	3/4	1	1	1/8		1/8	1		3	69		448
59	98	0	0	3/4	1	1	1/8		1/8	1		3	81		448
59	98	1/8	1/8	3/4	1	1	1/8		1/8	1		8	68		449
59	98	1/8	1/8	3/4	1	1	1/8		1/8	1		8	80		449
59	98	1/4	1/4	3/4	2	1	1/4		1/4	1		3	57		454
59	98	1/4	1/4	3/4	2	1	1/4		1/4	1		2	62		454
59	98	1/4	1/4	3/4	1	1	1/4		1/4	1		6	66		450
59	98	1/4	1/4	3/4	1	1	1/4		1/4	1		6	78		450
59	98	1/2	1/2	3/4	2	2	1/4		1/4	1		3	45		456
59	98	1/2	1/2	3/4	1	1	1/8		1/8	1		8	68		451
59	98	1/2	1/2	3/4	1	1	1/8		1/8	1		8	80		451
59	98	5/8	5/8	3/4	1	1	1/8		1/8	1		6	66		452
59	98	5/8	5/8	3/4	1	1	1/8		1/8	1		6	78		452
60	99	0	0	3/4	2	1	1/4		1/4	1		8	44		462
60	99	0	0	3/4	1	1	1/8		1/8	1		4	64		457
60	99	0	0	3/4	1	1	1/8		1/8	1		4	76		457
60	99	1/8	1/8	3/4	1	1	1/8		1/8	1		6	66		458
60	99	1/8	1/8	3/4	1	1	1/8		1/8	1		6	78		458
60	99	1/4	1/4	3/4	2	1	1/4		1/4	1		4	52		463
60	99	1/4	1/4	3/4	2	1	1/4		1/4	1		5	59		463
60	99	1/4	1/4	3/4	2	1	1/4		1/4	1		2	62		463
60	99	1/4	1/4	3/4	1	1	1/4		1/4	1		8	68		459
60	99	1/4	1/4	3/4	1	1	1/4		1/4	1		8	80		459
60	99	1/2	1/2	3/4	2	1	1/4		1/4	1		4	40		464
60	99	1/2	1/2	3/4	1	1	1/8		1/8	1		3	69		460
60	99	1/2	1/2	3/4	1	1	1/8		1/8	1		3	81		460
60	99	5/8	5/8	3/4	1	1	1/8		1/8	1		5	71		461
60	99	5/8	5/8	3/4	1	1	1/8		1/8	1		5	83		461
61	100	0	0	3/4	2	1	1/4		1/4	1		3	45		470
61	100	0	0	3/4	1	1	1/8		1/8	1		7	73		465
61	100	0	0	3/4	1	1	1/8		1/8	1		7	85		465
61	100	1/8	1/8	3/4	1	1	1/8		1/8	1		2	74		466
61	100	1/8	1/8	3/4	1	1	1/8		1/8	1		2	86		466
61	100	1/4	1/4	3/4	2	1	1/4		1/4	1		4	52		471
61	100	1/4	1/4	3/4	2	1	1/4		1/4	1		7	61		471
61	100	1/4	1/4	3/4	1	1	1/4		1/4	1		9	75		467
61	100	1/4	1/4	3/4	1	1	1/4		1/4	1		9	87		467
61	100	1/2	1/2	3/4	2	1	1/4		1/4	1		3	45		472
61	100	1/2	1/2	3/4	1	1	1/8		1/8	1		4	64		468
61	100	1/2	1/2	3/4	1	1	1/8		1/8	1		4	76		468
61	100	5/8	5/8	3/4	1	1	1/8		1/8	1		11	65		469
61	100	5/8	5/8	3/4	1	1	1/8		1/8	1		11	77		469
62	101	0	0	3/4	2	1	1/4		1/4	1		2	50		478
62	101	0	0	3/4	1	1	1/8		1/8	1		8	68		473
62	101	0	0	3/4	1	1	1/8		1/8	1		8	80		473
62	101	1/8	1/8	3/4	1	1	1/8		1/8	1		6	66		474
62	101	1/8	1/8	3/4	1	1	1/8		1/8	1		6	78		474
62	101	1/4	1/4	3/4	2	1	1/4		1/4	1		3	57		479
62	101	1/4	1/4	3/4	2	1	1/4		1/4	1		6	66		479
62	101	1/4	1/4	3/4	1	1	1/4		1/4	1		3	69		475
62	101	1/4	1/4	3/4	1	1	1/4		1/4	1		3	81		475
62	101	1/2	1/2	3/4	2	1	1/4		1/4	1		2	50		480
62	101	1/2	1/2	3/4	1	1	1/8		1/8	1		6	66		476
62	101	1/2	1/2	3/4	1	1	1/8		1/8	1		6	78		476
62	101	5/8	5/8	3/4	1	1	1/8		1/8	1		8	68		477
62	101	5/8	5/8	3/4	1	1	1/8		1/8	1		8	80		477
63	102	0	0	3/4	2	1	1/4		1/4	1		7	49		486
63	102	0	0	3/4	1	1	1/8		1/8	1		6	66		481
63	102	0	0	3/4	1	1	1/8		1/8	1		6	78		481
63	102	1/8	1/8	3/4	1	1	1/8		1/8	1		4	64		482
63	102	1/8	1/8	3/4	1	1	1/8		1/8	1		4	76		482
63	102	1/4	1/4	3/4	2	1	1/4		1/4	1		3	57		487
63	102	1/4	1/4	3/4	2	1	1/4		1/4	1		4	64		487
63	102	1/4	1/4	3/4	1	1	1/4		1/4	1		3	69		483
63	102	1/4	1/4	3/4	1	1	1/4		1/4	1		3	81		483
63	102	1/2	1/2	3/4	2	1	1/4		1/4	1		7	49		488
63	102	1/2	1/2	3/4	1	1	1/8		1/8	1		4	64		484
63	102	1/2	1/2	3/4	1	1	1/8		1/8	1		4	76		484
63	102	5/8	5/8	3/4	1	1	1/8		1/8	1		6	66		485
63	102	5/8	5/8	3/4	1	1	1/8		1/8	1		6	78		485
64	103	0	0	3/4	2	1	1/4		1/4	1		5	47		494
64	103	0	0	3/4	1	1	1/8		1/8	1		4	64		489
64	103	0	0	3/4	1	1	1/8		1/8	1		4	76		489
64	103	1/8	1/8	3/4	1	1	1/8		1/8	1		2	62		490
64	103	1/8	1/8	3/4	1	1	1/8		1/8	1		2	74		490
64	103	1/4	1/4	3/4	2	1	1/4		1/4	1		4	52		495
64	103	1/4	1/4	3/4	2	1	1/4		1/4	1		8	56		495
64	103	1/4	1/4	3/4	2	1	1/4		1/4	1		2	62		495
64	103	1/4	1/4	3/4	1	1	1/4		1/4	1		6	66		491
64	103	1/4	1/4	3/4	1	1	1/4		1/4	1		6	78		491
64	103	1/2	1/2	3/4	2	1	1/4		1/4	1		4	40		496
64	103	1/2	1/2	3/4	1	1	1/8		1/8	1		2	74		492
64	103	1/2	1/2	3/4	1	1	1/8		1/8	1		2	86		492
64	103	5/8	5/8	3/4	1	1	1/8		1/8	1		4	76		493
64	103	5/8	5/8	3/4	1	1	1/8		1/8	1		4	88		493
65	104	0	0	3/4	2	1	1/4		1/4	1		3	45		502
65	104	0	0	3/4	1	1	1/8		1/8	1		2	74		497
65	104	0	0	3/4	1	1	1/8		1/8	1		2	86		497
65	104	1/8	1/8	3/4	1	1	1/8		1/8	1		7	73		498
65	104	1/8	1/8	3/4	1	1	1/8		1/8	1		7	85		498
65	104	1/4	1/4	3/4	2	1	1/4		1/4	1		4	52		503
65	104	1/4	1/4	3/4	2	1	1/4		1/4	1		7	61		503
65	104	1/4	1/4	3/4	1	1	1/4		1/4	1		6	78		499
65	104	1/4	1/4	3/4	1	1	1/4		1/4	1		6	90		499
65	104	1/2	1/2	3/4	2	1	1/4		1/4	1		3	45		504
65	104	1/2	1/2	3/4	1	1	1/8		1/8	1		7	73		500
65	104	1/2	1/2	3/4	1	1	1/8		1/8	1		7	85		500
65	104	5/8	5/8	3/4	1	1	1/8		1/8	1		4	76		501
65	104	5/8	5/8	3/4	1	1	1/8		1/8	1		4	88		501
66	105	0	0	3/4	2	1	1/4		1/4	1		4	40		510
66	105	0	0	3/4	1	1	1/8		1/8	1		2	74		505
66	105	0	0	3/4	1	1	1/8		1/8	1		2	86		505
66	105	1/8	1/8	3/4	1	1	1/8		1/8	1		7	73		506
66	105	1/8	1/8	3/4	1	1	1/8		1/8	1		7	85		506
66	105	1/4	1/4	3/4	2	1	1/4		1/4	1		2	50		511
66	105	1/4	1/4	3/4	2	1	1/4		1/4	1		8	56		511
66	105	1/4	1/4	3/4	1	1	1/4		1/4	1		5	71		507
66	105	1/4	1/4	3/4	1	1	1/4		1/4	1		5	83		507
66	105	1/2	1/2	3/4	2	1	1/4		1/4	1		11	41		512
66	105	1/2	1/2	3/4	1	1	1/8		1/8	1		7	73		508
66	105	1/2	1/2	3/4	1	1	1/8		1/8	1		7	85		508
66	105	5/8	5/8	3/4	1	1	1/8		1/8	1		5	71		509
66	105	5/8	5/8	3/4	1	1	1/8		1/8	1		5	83		509
67	106	0	0	3/4	2	1	1/4		1/4	1		6	42		518
67	106	0	0	3/4	1	1	1/8		1/8	1		3	69		513
67	106	0	0	3/4	1	1	1/8		1/8	1		3	81		513
67	106	1/8	1/8	3/4	1	1	1/8		1/8	1		8	68		514
67	106	1/8	1/8	3/4	1	1	1/8		1/8	1		8	80		514
67	106	1/4	1/4	3/4	2	1	1/4		1/4	1		2	50		519
67	106	1/4	1/4	3/4	2	1	1/4		1/4	1		3	57		519
67	106	1/4	1/4	3/4	1	1	1/4		1/4	1		6	66		515
67	106	1/4	1/4	3/4	1	1	1/4		1/4	1		6	78		515
67	106	1/2	1/2	3/4	2	1	1/4		1/4	1		6	42		520
67	106	1/2	1/2	3/4	1	1	1/8		1/8	1		8	68		516
67	106	1/2	1/2	3/4	1	1	1/8		1/8	1		8	80		516
67	106	5/8	5/8	3/4	1	1	1/8		1/8	1		6	66		517
67	106	5/8	5/8	3/4	1	1	1/8		1/8	1		6	78		517
68	107	0	0	3/4	2	1	1/4		1/4	1		8	44		526
68	107	0	0	3/4	1	1	1/8		1/8	1		4	64		521
68	107	0	0	3/4	1	1	1/8		1/8	1		4	76		521
68	107	1/8	1/8	3/4	1	1	1/8		1/8	1		6	66		522
68	107	1/8	1/8	3/4	1	1	1/8		1/8	1		6	78		522
68	107	1/4	1/4	3/4	2	1	1/4		1/4	1		4	52		527
68	107	1/4	1/4	3/4	2	1	1/4		1/4	1		5	59		527
68	107	1/4	1/4	3/4	2	1	1/4		1/4	1		2	62		527
68	107	1/4	1/4	3/4	1	1	1/4		1/4	1		8	68		523
68	107	1/4	1/4	3/4	1	1	1/4		1/4	1		8	80		523
68	107	1/2	1/2	3/4	2	1	1/4		1/4	1		4	40		528
68	107	1/2	1/2	3/4	1	1	1/8		1/8	1		3	69		524
68	107	1/2	1/2	3/4	1	1	1/8		1/8	1		3	81		524
68	107	5/8	5/8	3/4	1	1	1/8		1/8	1		5	71		525
68	107	5/8	5/8	3/4	1	1	1/8		1/8	1		5	83		525
69	108	0	0	3/4	2	1	1/4		1/4	1		3	45		534
69	108	0	0	3/4	1	1	1/8		1/8	1		7	73		529
69	108	0	0	3/4	1	1	1/8		1/8	1		7	85		529
69	108	1/8	1/8	3/4	1	1	1/8		1/8	1		2	74		530
69	108	1/8	1/8	3/4	1	1	1/8		1/8	1		2	86		530
69	108	1/4	1/4	3/4	2	1	1/4		1/4	1		4	52		535
69	108	1/4	1/4	3/4	2	1	1/4		1/4	1		7	61		535
69	108	1/4	1/4	3/4	1	1	1/4		1/4	1		9	75		531
69	108	1/4	1/4	3/4	1	1	1/4		1/4	1		9	87		531
69	108	1/2	1/2	3/4	2	1	1/4		1/4	1		3	45		536
69	108	1/2	1/2	3/4	1	1	1/8		1/8	1		4	76		532
69	108	1/2	1/2	3/4	1	1	1/8		1/8	1		4	88		532
69	108	5/8	5/8	3/4	1	1	1/8		1/8	1		11	77		533
69	108	5/8	5/8	3/4	1	1	1/8		1/8	1		11	89		533
70	109	0	0	3/4	2	1	1/4		1/4	1		2	50		543
70	109	0	0	3/4	1	1	1/8		1/8	1		8	80		537
70	109	0	0	3/4	1	1	1/8		1/8	1		8	92		537
70	109	1/8	1/8	3/4	1	1	1/8		1/8	1		6	78		538
70	109	1/8	1/8	3/4	1	1	1/8		1/8	1		6	90		538
70	109	1/4	1/4	3/4	1	1	0	acciaccatura	1/8	1		2	74		539
70	109	1/4	1/4	3/4	2	1	1/4		1/4	1		5	59		544
70	109	1/4	1/4	3/4	2	1	1/4		1/4	1		6	66		544
70	109	1/4	1/4	3/4	2	1	1/4		1/4	1		3	69		544
70	109	1/4	1/4	3/4	2	1	1/4		1/4	1		5	71		544
70	109	1/4	1/4	3/4	1	1	1/4		1/4	1		2	74		540
70	109	1/4	1/4	3/4	1	1	1/4		1/4	1		2	86		540
70	109	1/2	1/2	3/4	1	1	1/8		1/8	1		7	73		541
70	109	1/2	1/2	3/4	1	1	1/8		1/8	1		7	85		541
70	109	5/8	5/8	3/4	1	1	1/8		1/8	1		5	71		542
70	109	5/8	5/8	3/4	1	1	1/8		1/8	1		5	83		542
71	110	0	0	3/4	2	1	1/4		1/4	1		4	52		550
71	110	0	0	3/4	1	1	1/8		1/8	1		7	73		545
71	110	0	0	3/4	1	1	1/8		1/8	1		7	85		545
71	110	1/8	1/8	3/4	1	1	1/8		1/8	1		5	71		546
71	110	1/8	1/8	3/4	1	1	1/8		1/8	1		5	83		546
71	110	1/4	1/4	3/4	2	1	1/4		1/4	1		7	61		551
71	110	1/4	1/4	3/4	2	1	1/4		1/4	1		4	64		551
71	110	1/4	1/4	3/4	1	1	1/4		1/4	1		3	69		547
71	110	1/4	1/4	3/4	2	1	1/4		1/4	1		3	69		551
71	110	1/4	1/4	3/4	1	1	1/4		1/4	1		3	81		547
71	110	1/2	1/2	3/4	2	1	1/4		1/4	1		4	52		552
71	110	1/2	1/2	3/4	1	1	1/8		1/8	1		8	68		548
71	110	1/2	1/2	3/4	1	1	1/8		1/8	1		8	80		548
71	110	5/8	5/8	3/4	1	1	1/8		1/8	1		6	66		549
71	110	5/8	5/8	3/4	1	1	1/8		1/8	1		6	78		549
72	111	0	0	3/4	2	1	1/4		1/4	1		4	40		559
72	111	0	0	3/4	1	1	1/8		1/8	1		4	64		553
72	111	0	0	3/4	1	1	1/8		1/8	1		4	76		553
72	111	1/8	1/8	3/4	1	1	1/8		1/8	1		2	62		554
72	111	1/8	1/8	3/4	1	1	1/8		1/8	1		2	74		554
72	111	1/4	1/4	3/4	1	1	0	acciaccatura	1/8	1		5	71		555
72	111	1/4	1/4	3/4	2	1	1/4		1/4	1		5	59		560
72	111	1/4	1/4	3/4	2	1	1/4		1/4	1		2	62		560
72	111	1/4	1/4	3/4	2	1	1/4		1/4	1		8	68		560
72	111	1/4	1/4	3/4	1	1	1/4		1/4	1		5	71		556
72	111	1/4	1/4	3/4	1	1	1/4		1/4	1		5	83		556
72	111	1/2	1/2	3/4	2	1	1/4		1/4	1		4	52		561
72	111	1/2	1/2	3/4	1	1	1/8		1/8	1		3	69		557
72	111	1/2	1/2	3/4	1	1	1/8		1/8	1		3	81		557
72	111	5/8	5/8	3/4	1	1	1/8		1/8	1		8	68		558
72	111	5/8	5/8	3/4	1	1	1/8		1/8	1		8	80		558
73	112	0	0	3/4	2	1	1/4		1/4	1		4	40		567
73	112	0	0	3/4	1	1	1/8		1/8	1		3	69		562
73	112	0	0	3/4	1	1	1/8		1/8	1		3	81		562
73	112	1/8	1/8	3/4	1	1	1/8		1/8	1		8	68		563
73	112	1/8	1/8	3/4	1	1	1/8		1/8	1		8	80		563
73	112	1/4	1/4	3/4	2	1	1/4		1/4	1		3	57		568
73	112	1/4	1/4	3/4	2	1	1/4		1/4	1		7	61		568
73	112	1/4	1/4	3/4	1	1	1/4		1/4	1		6	66		564
73	112	1/4	1/4	3/4	2	1	1/4		1/4	1		6	66		568
73	112	1/4	1/4	3/4	1	1	1/4		1/4	1		6	78		564
73	112	1/2	1/2	3/4	2	1	1/4		1/4	1		4	52		569
73	112	1/2	1/2	3/4	1	1	1/8		1/8	1		4	76		565
73	112	1/2	1/2	3/4	1	1	1/8		1/8	1		4	88		565
73	112	5/8	5/8	3/4	1	1	1/8		1/8	1		2	74		566
73	112	5/8	5/8	3/4	1	1	1/8		1/8	1		2	86		566
74	113	0	0	3/4	2	1	1/4		1/4	1		4	40		576
74	113	0	0	3/4	1	1	1/8		1/8	1		7	73		570
74	113	0	0	3/4	1	1	1/8		1/8	1		7	85		570
74	113	1/8	1/8	3/4	1	1	1/8		1/8	1		5	71		571
74	113	1/8	1/8	3/4	1	1	1/8		1/8	1		5	83		571
74	113	1/4	1/4	3/4	1	1	0	acciaccatura	1/8	1		8	80		572
74	113	1/4	1/4	3/4	2	1	1/4		1/4	1		4	52		577
74	113	1/4	1/4	3/4	2	1	1/4		1/4	1		8	56		577
74	113	1/4	1/4	3/4	2	1	1/4		1/4	1		2	62		577
74	113	1/4	1/4	3/4	1	1	1/4		1/4	1		8	80		573
74	113	1/4	1/4	3/4	1	1	1/4		1/4	1		8	92		573
74	113	1/2	1/2	3/4	2	1	1/8		1/8	1		6	78		578
74	113	1/2	1/2	3/4	1	1	1/8		1/8	1		6	90		574
74	113	5/8	5/8	3/4	2	1	1/8		1/8	1		-1	77		579
74	113	5/8	5/8	3/4	1	1	1/8		1/8	1		-1	89		575
75	114	0	0	3/4	2	1	1/8		1/8	1		4	76		585
75	114	0	0	3/4	1	1	1/8		1/8	1		4	88		580
75	114	1/8	1/8	3/4	2	1	1/8		1/8	1		9	75		586
75	114	1/8	1/8	3/4	1	1	1/8		1/8	1		9	87		581
75	114	1/4	1/4	3/4	2	1	1/4		1/4	1		2	74		587
75	114	1/4	1/4	3/4	1	1	1/4		1/4	1		2	86		582
75	114	1/2	1/2	3/4	2	1	1/8		1/8	1		5	71		588
75	114	1/2	1/2	3/4	1	1	1/8		1/8	1		5	83		583
75	114	5/8	5/8	3/4	2	1	1/8		1/8	1		8	68		589
75	114	5/8	5/8	3/4	1	1	1/8		1/8	1		8	80		584
76	115	0	0	3/4	2	1	1/8		1/8	1		-1	65		595
76	115	0	0	3/4	1	1	1/8		1/8	1		-1	77		590
76	115	1/8	1/8	3/4	2	1	1/8		1/8	1		4	64		596
76	115	1/8	1/8	3/4	1	1	1/8		1/8	1		4	76		591
76	115	1/4	1/4	3/4	2	1	1/4		1/4	1		9	63		597
76	115	1/4	1/4	3/4	1	1	1/4		1/4	1		9	75		592
76	115	1/2	1/2	3/4	2	1	1/8		1/8	1		2	62		598
76	115	1/2	1/2	3/4	1	1	1/8		1/8	1		2	74		593
76	115	5/8	5/8	3/4	2	1	1/8		1/8	1		5	59		599
76	115	5/8	5/8	3/4	1	1	1/8		1/8	1		5	71		594
77	116	0	0	3/4	2	1	1/8		1/8	1		8	56		605
77	116	0	0	3/4	1	1	1/8		1/8	1		8	68		600
77	116	1/8	1/8	3/4	2	1	1/8		1/8	1		-1	53		606
77	116	1/8	1/8	3/4	1	1	1/8		1/8	1		-1	65		601
77	116	1/4	1/4	3/4	2	1	1/4		1/4	1		4	52		607
77	116	1/4	1/4	3/4	1	1	1/4		1/4	1		4	64		602
77	116	1/2	1/2	3/4	2	1	1/8		1/8	1		9	51		608
77	116	1/2	1/2	3/4	1	1	1/8		1/8	1		9	63		603
77	116	5/8	5/8	3/4	2	1	1/8		1/8	1		-1	53		609
77	116	5/8	5/8	3/4	1	1	1/8		1/8	1		-1	65		604
78	193	0	0	3/4	2	1	1/4		1/4	1		3	45		611
78	193	0	0	3/4	2	1	1/4		1/4	1		4	52		611
78	193	0	0	3/4	1	1	3/4		1/2	3/2		0	60		610
78	193	0	0	3/4	1	1	3/4		1/2	3/2		4	64		610
78	193	1/4	1/4	3/4	2	1	1/8		1/8	1		-1	53		612
78	193	3/8	3/8	3/4	2	1	1/8		1/8	1		4	52		613
78	193	1/2	1/2	3/4	2	1	1/8		1/8	1		3	57		614
78	193	5/8	5/8	3/4	2	1	1/8		1/8	1		5	59		615
79	194	0	0	3/4	2	1	1/12		1/8	2/3		0	60		617
79	194	0	0	3/4	1	1	3/4		1/2	3/2		9	63		616
79	194	0	0	3/4	1	1	3/4		1/2	3/2		6	66		616
79	194	0	0	3/4	1	1	3/4		1/2	3/2		3	69		616
79	194	1/12	1/12	3/4	2	1	1/12		1/8	2/3		2	62		618
79	194	1/6	1/6	3/4	2	1	1/12		1/8	2/3		0	60		619
79	194	1/4	1/4	3/4	2	1	1/8		1/8	1		5	59		620
79	194	3/8	3/8	3/4	2	1	1/8		1/8	1		2	62		621
79	194	1/2	1/2	3/4	2	1	1/4		1/4	1		0	60		622
80	195	0	0	3/4	2	1	1/4		1/4	1		5	59		624
80	195	0	0	3/4	1	1	3/4		1/2	3/2		9	63		623
80	195	0	0	3/4	1	1	3/4		1/2	3/2		6	66		623
80	195	0	0	3/4	1	1	3/4		1/2	3/2		3	69		623
80	195	0	0	3/4	1	1	3/4		1/2	3/2		5	71		623
80	195	1/4	1/4	3/4	2	1	1/8		1/8	1		10	58		625
80	195	3/8	3/8	3/4	2	1	1/8		1/8	1		5	59		626
80	195	1/2	1/2	3/4	2	1	1/8		1/8	1		0	60		627
80	195	5/8	5/8	3/4	2	1	1/8		1/8	1		5	59		628
81	196	0	0	3/4	2	1	1/4		1/4	1		6	54		631
81	196	1/4	1/4	3/4	2	1	1/4		1/4	1		5	47		632
81	196	1/4	1/4	3/4	1	1	1/4		1/4	1		3	57		629
81	196	1/4	1/4	3/4	1	1	1/4		1/4	1		5	59		629
81	196	1/4	1/4	3/4	1	1	1/4		1/4	1		9	63		629
81	196	1/4	1/4	3/4	1	1	1/4		1/4	1		6	66		629
81	196	1/2	1/2	3/4	2	1	1/4		1/4	1		4	40		633
81	196	1/2	1/2	3/4	1	1	1/4		1/4	1		8	56		630
81	196	1/2	1/2	3/4	1	1	1/4		1/4	1		2	62		630
81	196	1/2	1/2	3/4	1	1	1/4		1/4	1		4	64		630
81	196	1/2	1/2	3/4	1	1	1/4		1/4	1		8	68		630
82	197	0	0	3/4	2	2	3/4		1/2	3/2		3	45		639
82	197	0	0	3/4	1	1	3/4		1/2	3/2		3	57		634
82	197	0	0	3/4	1	1	3/4		1/2	3/2		0	60		634
82	197	0	0	3/4	1	1	3/4		1/2	3/2		4	64		634
82	197	1/4	1/4	3/4	2	1	1/8		1/8	1		-1	53		635
82	197	3/8	3/8	3/4	2	1	1/8		1/8	1		4	52		636
82	197	1/2	1/2	3/4	2	1	1/8		1/8	1		3	57		637
82	197	5/8	5/8	3/4	2	1	1/8		1/8	1		5	59		638
83	198	0	0	3/4	2	1	1/12		1/8	2/3		0	60		641
83	198	0	0	3/4	1	1	3/4		1/2	3/2		9	63		640
83	198	0	0	3/4	1	1	3/4		1/2	3/2		6	66		640
83	198	0	0	3/4	1	1	3/4		1/2	3/2		3	69		640
83	198	1/12	1/12	3/4	2	1	1/12		1/8	2/3		2	62		642
83	198	1/6	1/6	3/4	2	1	1/12		1/8	2/3		0	60		643
83	198	1/4	1/4	3/4	2	1	1/8		1/8	1		5	59		644
83	198	3/8	3/8	3/4	2	1	1/8		1/8	1		2	62		645
83	198	1/2	1/2	3/4	2	1	1/4		1/4	1		0	60		646
84	199	0	0	3/4	2	1	1/4		1/4	1		5	59		648
84	199	0	0	3/4	1	1	3/4		1/2	3/2		9	63		647
84	199	0	0	3/4	1	1	3/4		1/2	3/2		6	66		647
84	199	0	0	3/4	1	1	3/4		1/2	3/2		3	69		647
84	199	0	0	3/4	1	1	3/4		1/2	3/2		5	71		647
84	199	1/4	1/4	3/4	2	1	1/8		1/8	1		10	58		649
84	199	3/8	3/8	3/4	2	1	1/8		1/8	1		5	59		650
84	199	1/2	1/2	3/4	2	1	1/8		1/8	1		0	60		651
84	199	5/8	5/8	3/4	2	1	1/8		1/8	1		5	59		652
85	200	0	0	3/4	2	1	1/4		1/4	1		6	54		655
85	200	1/4	1/4	3/4	2	1	1/4		1/4	1		5	47		656
85	200	1/4	1/4	3/4	1	1	1/4		1/4	1		3	57		653
85	200	1/4	1/4	3/4	1	1	1/4		1/4	1		5	59		653
85	200	1/4	1/4	3/4	1	1	1/4		1/4	1		9	63		653
85	200	1/4	1/4	3/4	1	1	1/4		1/4	1		6	66		653
85	200	1/2	1/2	3/4	2	1	1/4		1/4	1		4	40		657
85	200	1/2	1/2	3/4	1	1	1/4		1/4	1		8	56		654
85	200	1/2	1/2	3/4	1	1	1/4		1/4	1		2	62		654
85	200	1/2	1/2	3/4	1	1	1/4		1/4	1		4	64		654
85	200	1/2	1/2	3/4	1	1	1/4		1/4	1		8	68		654
86	201	0	0	3/4	2	1	1/4		1/4	1		3	45		667
86	201	0	0	3/4	2	1	1/4		1/4	1		4	52		667
86	201	0	0	3/4	2	1	1/4		1/4	1		0	60		667
86	201	0	0	3/4	1	2	1/4		1/4	1		4	64		662
86	201	0	0	3/4	1	2	1/4		1/4	1		3	69		662
86	201	0	0	3/4	1	1	1/2		1/2	1		4	76		658
86	201	1/4	1/4	3/4	1	3	1/8		1/8	1		4	64		665
86	201	1/4	1/4	3/4	1	2	1/4		1/4	1	1	4	64		663
86	201	3/8	3/8	3/4	1	3	1/8		1/8	1	1	3	69		666
86	201	1/2	1/2	3/4	2	1	1/4		1/4	1		3	45		668
86	201	1/2	1/2	3/4	2	1	1/4		1/4	1		4	52		668
86	201	1/2	1/2	3/4	2	1	1/4		1/4	1		0	60		668
86	201	1/2	1/2	3/4	1	2	1/4		1/4	1	-1	4	64		664
86	201	1/2	1/2	3/4	1	2	1/4		1/4	1	-1	3	69		664
86	201	1/2	1/2	3/4	1	1	1/12		1/8	2/3		4	76		659
86	201	7/12	7/12	3/4	1	1	1/12		1/8	2/3		-1	77		660
86	201	2/3	2/3	3/4	1	1	1/12		1/8	2/3		4	76		661
87	202	0	0	3/4	2	1	1/2		1/2	1		5	47		676
87	202	0	0	3/4	2	1	1/2		1/2	1		6	54		676
87	202	0	0	3/4	2	1	1/2		1/2	1		5	59		676
87	202	0	0	3/4	1	1	3/8		1/4	3/2		9	75		669
87	202	1/8	1/8	3/4	1	2	1/8		1/8	1		9	63		672
87	202	1/8	1/8	3/4	1	3	3/8		1/4	3/2		9	63		674
87	202	1/4	1/4	3/4	1	2	1/8		1/8	1		3	69		673
87	202	1/4	1/4	3/4	1	4	1/4		1/4	1		3	69		675
87	202	3/8	3/8	3/4	1	1	1/8		1/8	1		9	75		670
87	202	1/2	1/2	3/4	2	1	1/4		1/4	1		4	52		677
87	202	1/2	1/2	3/4	2	1	1/4		1/4	1		5	59		677
87	202	1/2	1/2	3/4	1	1	1/4		1/4	1		4	64		671
87	202	1/2	1/2	3/4	1	1	1/4		1/4	1		8	68		671
87	202	1/2	1/2	3/4	1	1	1/4		1/4	1		2	74		671
88	203	0	0	3/4	2	1	1/4		1/4	1		3	57		687
88	203	0	0	3/4	1	1	1/4		1/4	1		4	64		678
88	203	0	0	3/4	1	1	1/4		1/4	1		3	69		678
88	203	0	0	3/4	1	1	1/4		1/4	1		0	72		678
88	203	1/4	1/4	3/4	1	1	1/8		1/8	1		4	64		679
88	203	1/4	1/4	3/4	1	2	1/4		1/4	1		4	64		684
88	203	3/8	3/8	3/4	1	1	1/8		1/8	1		3	69		680
88	203	3/8	3/8	3/4	1	3	3/8		1/4	3/2		3	69		686
88	203	1/2	1/2	3/4	2	1	1/4		1/4	1		0	48		688
88	203	1/2	1/2	3/4	2	1	1/4		1/4	1	1	3	57		688
88	203	1/2	1/2	3/4	1	2	1/4		1/4	1	1	4	64		685
88	203	1/2	1/2	3/4	1	1	1/12		1/8	2/3		0	72		681
88	203	7/12	7/12	3/4	1	1	1/12		1/8	2/3		2	74		682
88	203	2/3	2/3	3/4	1	1	1/12		1/8	2/3		0	72		683
89	204	0	0	3/4	2	1	1/2		1/2	1		2	50		697
89	204	0	0	3/4	2	1	1/2		1/2	1	-1	3	57		697
89	204	0	0	3/4	1	2	1/8		1/8	1	-1	4	64		692
89	204	0	0	3/4	1	1	3/8		1/4	3/2		5	71		689
89	204	1/8	1/8	3/4	1	2	1/8		1/8	1		-1	65		693
89	204	1/8	1/8	3/4	1	3	3/8		1/4	3/2		-1	65		695
89	204	1/4	1/4	3/4	1	2	1/8		1/8	1		3	69		694
89	204	1/4	1/4	3/4	1	4	1/4		1/4	1		3	69		696
89	204	3/8	3/8	3/4	1	1	1/8		1/8	1		0	72		690
89	204	1/2	1/2	3/4	2	1	1/4		1/4	1		4	52		698
89	204	1/2	1/2	3/4	1	1	1/4		1/4	1		2	62		691
89	204	1/2	1/2	3/4	1	1	1/4		1/4	1		8	68		691
89	204	1/2	1/2	3/4	1	1	1/4		1/4	1		5	71		691
90	205	0	0	3/4	2	1	1/4		1/4	1		3	45		707
90	205	0	0	3/4	2	1	1/4		1/4	1		4	52		707
90	205	0	0	3/4	2	1	1/4		1/4	1		0	60		707
90	205	0	0	3/4	1	1	1/4		1/4	1		4	64		699
90	205	0	0	3/4	1	1	1/4		1/4	1		3	69		699
90	205	0	0	3/4	1	1	1/4		1/4	1		4	76		699
90	205	1/4	1/4	3/4	1	1	1/8		1/8	1		4	64		700
90	205	1/4	1/4	3/4	1	2	1/2		1/2	1		4	64		705
90	205	3/8	3/8	3/4	1	1	1/8		1/8	1		3	69		701
90	205	3/8	3/8	3/4	1	3	3/8		1/4	3/2		3	69		706
90	205	1/2	1/2	3/4	2	1	1/4		1/4	1		3	45		708
90	205	1/2	1/2	3/4	2	1	1/4		1/4	1		4	52		708
90	205	1/2	1/2	3/4	2	1	1/4		1/4	1		0	60		708
90	205	1/2	1/2	3/4	1	1	1/12		1/8	2/3		4	76		702
90	205	7/12	7/12	3/4	1	1	1/12		1/8	2/3		-1	77		703
90	205	2/3	2/3	3/4	1	1	1/12		1/8	2/3		4	76		704
91	206	0	0	3/4	2	1	1/2		1/2	1		5	47		716
91	206	0	0	3/4	2	1	1/2		1/2	1		6	54		716
91	206	0	0	3/4	2	1	1/2		1/2	1		5	59		716
91	206	0	0	3/4	1	1	3/8		1/4	3/2		9	75		709
91	206	1/8	1/8	3/4	1	2	1/8		1/8	1		9	63		712
91	206	1/8	1/8	3/4	1	3	3/8		1/4	3/2		9	63		714
91	206	1/4	1/4	3/4	1	2	1/8		1/8	1		3	69		713
91	206	1/4	1/4	3/4	1	4	1/4		1/4	1		3	69		715
91	206	3/8	3/8	3/4	1	1	1/8		1/8	1		9	75		710
91	206	1/2	1/2	3/4	2	1	1/4		1/4	1		4	52		717
91	206	1/2	1/2	3/4	2	1	1/4		1/4	1		5	59		717
91	206	1/2	1/2	3/4	1	1	1/4		1/4	1		4	64		711
91	206	1/2	1/2	3/4	1	1	1/4		1/4	1		8	68		711
91	206	1/2	1/2	3/4	1	1	1/4		1/4	1		2	74		711
92	207	0	0	3/4	2	1	1/4		1/4	1		3	57		727
92	207	0	0	3/4	1	1	1/4		1/4	1		4	64		718
92	207	0	0	3/4	1	1	1/4		1/4	1		3	69		718
92	207	0	0	3/4	1	1	1/4		1/4	1		0	72		718
92	207	1/4	1/4	3/4	1	1	1/8		1/8	1		4	64		719
92	207	1/4	1/4	3/4	1	2	1/4		1/4	1		4	64		724
92	207	3/8	3/8	3/4	1	1	1/8		1/8	1		3	69		720
92	207	3/8	3/8	3/4	1	3	3/8		1/4	3/2		3	69		726
92	207	1/2	1/2	3/4	2	1	1/4		1/4	1		0	48		728
92	207	1/2	1/2	3/4	2	1	1/4		1/4	1	1	3	57		728
92	207	1/2	1/2	3/4	1	2	1/4		1/4	1	1	4	64		725
92	207	1/2	1/2	3/4	1	1	1/12		1/8	2/3		0	72		721
92	207	7/12	7/12	3/4	1	1	1/12		1/8	2/3		2	74		722
92	207	2/3	2/3	3/4	1	1	1/12		1/8	2/3		0	72		723
93	208	0	0	3/4	2	1	1/2		1/2	1		2	50		737
93	208	0	0	3/4	2	1	1/2		1/2	1	-1	3	57		737
93	208	0	0	3/4	1	2	1/8		1/8	1	-1	4	64		732
93	208	0	0	3/4	1	1	3/8		1/4	3/2		5	71		729
93	208	1/8	1/8	3/4	1	2	1/8		1/8	1		-1	65		733
93	208	1/8	1/8	3/4	1	3	3/8		1/4	3/2		-1	65		735
93	208	1/4	1/4	3/4	1	2	1/8		1/8	1		3	69		734
93	208	1/4	1/4	3/4	1	4	1/4		1/4	1		3	69		736
93	208	3/8	3/8	3/4	1	1	1/8		1/8	1		0	72		730
93	208	1/2	1/2	3/4	2	1	1/4		1/4	1	1	1	55		738
93	208	1/2	1/2	3/4	1	1	1/4		1/4	1		2	62		731
93	208	1/2	1/2	3/4	1	1	1/4		1/4	1		5	71		731
94	209	0	0	3/4	2	2	1/4		1/4	1		0	48		745
94	209	0	0	3/4	2	1	1/4		1/4	1	-1	1	55		740
94	209	0	0	3/4	1	1	3/4		1/2	3/2		4	64		739
94	209	0	0	3/4	1	1	3/4		1/2	3/2		1	67		739
94	209	1/4	1/4	3/4	2	1	1/8		1/8	1		3	57		741
94	209	3/8	3/8	3/4	2	1	1/8		1/8	1		1	55		742
94	209	1/2	1/2	3/4	2	1	1/8		1/8	1		0	60		743
94	209	5/8	5/8	3/4	2	1	1/8		1/8	1		2	62		744
95	210	0	0	3/4	2	1	1/12		1/8	2/3		-3	63		747
95	210	0	0	3/4	1	1	3/4		1/2	3/2		6	66		746
95	210	0	0	3/4	1	1	3/4		1/2	3/2		3	69		746
95	210	0	0	3/4	1	1	3/4		1/2	3/2		0	72		746
95	210	1/12	1/12	3/4	2	1	1/12		1/8	2/3		-1	65		748
95	210	1/6	1/6	3/4	2	1	1/12		1/8	2/3		-3	63		749
95	210	1/4	1/4	3/4	2	1	1/8		1/8	1		2	62		750
95	210	3/8	3/8	3/4	2	1	1/8		1/8	1		-1	65		751
95	210	1/2	1/2	3/4	2	1	1/4		1/4	1		-3	63		752
96	211	0	0	3/4	2	1	1/4		1/4	1		2	62		754
96	211	0	0	3/4	1	1	3/4		1/2	3/2		6	66		753
96	211	0	0	3/4	1	1	3/4		1/2	3/2		3	69		753
96	211	0	0	3/4	1	1	3/4		1/2	3/2		0	72		753
96	211	0	0	3/4	1	1	3/4		1/2	3/2		2	74		753
96	211	1/4	1/4	3/4	2	1	1/8		1/8	1		7	61		755
96	211	3/8	3/8	3/4	2	1	1/8		1/8	1		2	62		756
96	211	1/2	1/2	3/4	2	1	1/8		1/8	1		4	64		757
96	211	5/8	5/8	3/4	2	1	1/8		1/8	1		2	62		758
97	212	0	0	3/4	2	1	1/4		1/4	1		3	57		761
97	212	1/4	1/4	3/4	2	1	1/4		1/4	1		2	50		762
97	212	1/4	1/4	3/4	1	1	1/4		1/4	1		0	60		759
97	212	1/4	1/4	3/4	1	1	1/4		1/4	1		2	62		759
97	212	1/4	1/4	3/4	1	1	1/4		1/4	1		6	66		759
97	212	1/4	1/4	3/4	1	1	1/4		1/4	1		3	69		759
97	212	1/2	1/2	3/4	2	1	1/4		1/4	1		1	43		763
97	212	1/2	1/2	3/4	1	1	1/4		1/4	1		5	59		760
97	212	1/2	1/2	3/4	1	1	1/4		1/4	1		-1	65		760
97	212	1/2	1/2	3/4	1	1	1/4		1/4	1		1	67		760
97	212	1/2	1/2	3/4	1	1	1/4		1/4	1		5	71		760
98	213	0	0	3/4	2	1	1/4		1/4	1		0	48		765
98	213	0	0	3/4	1	1	3/4		1/2	3/2		0	60		764
98	213	0	0	3/4	1	1	3/4		1/2	3/2		4	64		764
98	213	0	0	3/4	1	1	3/4		1/2	3/2		1	67		764
98	213	1/4	1/4	3/4	2	1	1/8		1/8	1		3	57		766
98	213	3/8	3/8	3/4	2	1	1/8		1/8	1		1	55		767
98	213	1/2	1/2	3/4	2	1	1/8		1/8	1		0	60		768
98	213	5/8	5/8	3/4	2	1	1/8		1/8	1		2	62		769
99	214	0	0	3/4	2	1	1/12		1/8	2/3		-3	63		771
99	214	0	0	3/4	1	1	3/4		1/2	3/2		6	66		770
99	214	0	0	3/4	1	1	3/4		1/2	3/2		3	69		770
99	214	0	0	3/4	1	1	3/4		1/2	3/2		0	72		770
99	214	1/12	1/12	3/4	2	1	1/12		1/8	2/3		-1	65		772
99	214	1/6	1/6	3/4	2	1	1/12		1/8	2/3		-3	63		773
99	214	1/4	1/4	3/4	2	1	1/8		1/8	1		2	62		774
99	214	3/8	3/8	3/4	2	1	1/8		1/8	1		-1	65		775
99	214	1/2	1/2	3/4	2	1	1/4		1/4	1		-3	63		776
100	215	0	0	3/4	2	1	1/4		1/4	1		2	62		778
100	215	0	0	3/4	1	1	3/4		1/2	3/2		6	66		777
100	215	0	0	3/4	1	1	3/4		1/2	3/2		3	69		777
100	215	0	0	3/4	1	1	3/4		1/2	3/2		0	72		777
100	215	0	0	3/4	1	1	3/4		1/2	3/2		2	74		777
100	215	1/4	1/4	3/4	2	1	1/8		1/8	1		7	61		779
100	215	3/8	3/8	3/4	2	1	1/8		1/8	1		2	62		780
100	215	1/2	1/2	3/4	2	1	1/8		1/8	1		4	64		781
100	215	5/8	5/8	3/4	2	1	1/8		1/8	1		2	62		782
101	216	0	0	3/4	2	1	1/4		1/4	1		3	57		785
101	216	1/4	1/4	3/4	2	1	1/4		1/4	1		2	50		786
101	216	1/4	1/4	3/4	1	1	1/4		1/4	1		0	60		783
101	216	1/4	1/4	3/4	1	1	1/4		1/4	1		2	62		783
101	216	1/4	1/4	3/4	1	1	1/4		1/4	1		6	66		783
101	216	1/4	1/4	3/4	1	1	1/4		1/4	1		3	69		783
101	216	1/2	1/2	3/4	2	1	1/4		1/4	1		1	43		787
101	216	1/2	1/2	3/4	1	1	1/4		1/4	1		5	59		784
101	216	1/2	1/2	3/4	1	1	1/4		1/4	1		-1	65		784
101	216	1/2	1/2	3/4	1	1	1/4		1/4	1		1	67		784
101	216	1/2	1/2	3/4	1	1	1/4		1/4	1		5	71		784
102	217	0	0	3/4	2	1	1/4		1/4	1		0	48		797
102	217	0	0	3/4	2	1	1/4		1/4	1		1	55		797
102	217	0	0	3/4	2	1	1/4		1/4	1		4	64		797
102	217	0	0	3/4	1	2	1/4		1/4	1		1	67		792
102	217	0	0	3/4	1	2	1/4		1/4	1		0	72		792
102	217	0	0	3/4	1	1	1/2		1/2	1		1	79		788
102	217	1/4	1/4	3/4	1	4	1/8		1/8	1		1	67		795
102	217	1/4	1/4	3/4	1	2	1/2		1/2	1		1	67		793
102	217	3/8	3/8	3/4	1	4	1/8		1/8	1		0	72		796
102	217	3/8	3/8	3/4	1	3	3/8		1/4	3/2		0	72		794
102	217	1/2	1/2	3/4	2	1	1/4		1/4	1		0	48		798
102	217	1/2	1/2	3/4	2	1	1/4		1/4	1		1	55		798
102	217	1/2	1/2	3/4	2	1	1/4		1/4	1		4	64		798
102	217	1/2	1/2	3/4	1	1	1/12		1/8	2/3		1	79		789
102	217	7/12	7/12	3/4	1	1	1/12		1/8	2/3		3	81		790
102	217	2/3	2/3	3/4	1	1	1/12		1/8	2/3		1	79		791
103	218	0	0	3/4	2	1	1/2		1/2	1		0	48		807
103	218	0	0	3/4	2	1	1/2		1/2	1		3	57		807
103	218	0	0	3/4	2	1	1/2		1/2	1		9	63		807
103	218	0	0	3/4	1	1	3/8		1/4	3/2		6	78		799
103	218	1/8	1/8	3/4	1	3	1/8		1/8	1		6	66		804
103	218	1/8	1/8	3/4	1	2	3/8		1/4	3/2		6	66		802
103	218	1/4	1/4	3/4	1	3	1/8		1/8	1		0	72		805
103	218	1/4	1/4	3/4	1	4	1/4		1/4	1		0	72		806
103	218	3/8	3/8	3/4	1	1	1/8		1/8	1		6	78		800
103	218	1/2	1/2	3/4	2	1	1/4		1/4	1		0	48		808
103	218	1/2	1/2	3/4	2	1	1/4		1/4	1		-4	56		808
103	218	1/2	1/2	3/4	2	1	1/4		1/4	1		2	62		808
103	218	1/2	1/2	3/4	1	2	1/4		1/4	1		-1	65		803
103	218	1/2	1/2	3/4	1	2	1/4		1/4	1		5	71		803
103	218	1/2	1/2	3/4	1	1	1/4		1/4	1		-1	77		801
104	219	0	0	3/4	2	1	1/4		1/4	1		0	48		819
104	219	0	0	3/4	2	1	1/4		1/4	1		1	55		819
104	219	0	0	3/4	2	1	1/4		1/4	1		0	60		819
104	219	0	0	3/4	1	2	1/4		1/4	1		1	67		815
104	219	0	0	3/4	1	2	1/4		1/4	1		0	72		815
104	219	0	0	3/4	1	1	1/4		1/4	1		4	76		809
104	219	1/4	1/4	3/4	1	1	1/8		1/8	1	1	1	67		810
104	219	1/4	1/4	3/4	1	2	1/4		1/4	1		1	67		816
104	219	3/8	3/8	3/4	1	1	1/8		1/8	1		0	72		811
104	219	3/8	3/8	3/4	1	3	3/8		1/4	3/2		0	72		818
104	219	1/2	1/2	3/4	2	1	1/4		1/4	1		0	48		820
104	219	1/2	1/2	3/4	2	1	1/4		1/4	1		1	55		820
104	219	1/2	1/2	3/4	1	2	1/4		1/4	1	-1	1	67		817
104	219	1/2	1/2	3/4	1	1	1/12		1/8	2/3		4	76		812
104	219	7/12	7/12	3/4	1	1	1/12		1/8	2/3		-1	77		813
104	219	2/3	2/3	3/4	1	1	1/12		1/8	2/3		4	76		814
105	220	0	0	3/4	2	1	1/2		1/2	1		0	48		829
105	220	0	0	3/4	2	1	1/2		1/2	1		3	57		829
105	220	0	0	3/4	1	1	3/8		1/4	3/2		-3	75		821
105	220	1/8	1/8	3/4	1	2	1/8		1/8	1		6	66		824
105	220	1/8	1/8	3/4	1	3	3/8		1/4	3/2		6	66		827
105	220	1/4	1/4	3/4	1	2	1/8		1/8	1		0	72		825
105	220	1/4	1/4	3/4	1	4	1/4		1/4	1		0	72		828
105	220	3/8	3/8	3/4	1	1	1/8		1/8	1		-3	75		822
105	220	1/2	1/2	3/4	2	1	1/4		1/4	1		0	48		830
105	220	1/2	1/2	3/4	2	1	1/4		1/4	1		5	59		830
105	220	1/2	1/2	3/4	1	2	1/4		1/4	1		-1	65		826
105	220	1/2	1/2	3/4	1	1	1/4		1/4	1		2	74		823
106	221	0	0	3/4	2	1	1/4		1/4	1		0	48		839
106	221	0	0	3/4	2	1	1/4		1/4	1		1	55		839
106	221	0	0	3/4	2	1	1/4		1/4	1		0	60		839
106	221	0	0	3/4	1	1	1/4		1/4	1		4	64		831
106	221	0	0	3/4	1	1	1/4		1/4	1		0	72		831
106	221	0	0	3/4	1	1	1/4		1/4	1		1	79		831
106	221	1/4	1/4	3/4	1	1	1/8		1/8	1		1	67		832
106	221	1/4	1/4	3/4	1	2	1/2		1/2	1		1	67		837
106	221	3/8	3/8	3/4	1	1	1/8		1/8	1		0	72		833
106	221	3/8	3/8	3/4	1	3	3/8		1/4	3/2		0	72		838
106	221	1/2	1/2	3/4	2	1	1/4		1/4	1		0	48		840
106	221	1/2	1/2	3/4	2	1	1/4		1/4	1		1	55		840
106	221	1/2	1/2	3/4	2	1	1/4		1/4	1		4	64		840
106	221	1/2	1/2	3/4	1	1	1/12		1/8	2/3		1	79		834
106	221	7/12	7/12	3/4	1	1	1/12		1/8	2/3		3	81		835
106	221	2/3	2/3	3/4	1	1	1/12		1/8	2/3		1	79		836
107	222	0	0	3/4	2	1	1/2		1/2	1		2	50		849
107	222	0	0	3/4	2	1	1/2		1/2	1		3	57		849
107	222	0	0	3/4	2	1	1/2		1/2	1		2	62		849
107	222	0	0	3/4	1	1	3/8		1/4	3/2		6	78		841
107	222	1/8	1/8	3/4	1	2	1/8		1/8	1		6	66		844
107	222	1/8	1/8	3/4	1	3	3/8		1/4	3/2		6	66		847
107	222	1/4	1/4	3/4	1	2	1/8		1/8	1		0	72		845
107	222	1/4	1/4	3/4	1	4	1/4		1/4	1		0	72		848
107	222	3/8	3/8	3/4	1	1	1/8		1/8	1		6	78		842
107	222	1/2	1/2	3/4	2	1	1/4		1/4	1		1	55		850
107	222	1/2	1/2	3/4	2	1	1/4		1/4	1		2	62		850
107	222	1/2	1/2	3/4	1	2	1/4		1/4	1		-1	65		846
107	222	1/2	1/2	3/4	1	2	1/4		1/4	1		5	71		846
107	222	1/2	1/2	3/4	1	1	1/4		1/4	1		-1	77		843
108	223	0	0	3/4	2	1	1/4		1/4	1		0	48		861
108	223	0	0	3/4	2	1	1/4		1/4	1		1	55		861
108	223	0	0	3/4	1	2	1/4		1/4	1		4	64		857
108	223	0	0	3/4	1	2	1/4		1/4	1		0	72		857
108	223	0	0	3/4	1	1	1/4		1/4	1		4	76		851
108	223	1/4	1/4	3/4	1	1	1/8		1/8	1		1	67		852
108	223	1/4	1/4	3/4	1	2	1/4		1/4	1	1	1	67		858
108	223	3/8	3/8	3/4	1	1	1/8		1/8	1		0	72		853
108	223	3/8	3/8	3/4	1	4	3/8		1/4	3/2		0	72		860
108	223	1/2	1/2	3/4	2	1	1/4		1/4	1		0	48		862
108	223	1/2	1/2	3/4	2	1	1/4		1/4	1		0	60		862
108	223	1/2	1/2	3/4	1	2	1/4		1/4	1	-1	1	67		859
108	223	1/2	1/2	3/4	1	1	1/12		1/8	2/3		4	76		854
108	223	7/12	7/12	3/4	1	1	1/12		1/8	2/3		-1	77		855
108	223	2/3	2/3	3/4	1	1	1/12		1/8	2/3		4	76		856
109	224	0	0	3/4	2	1	1/2		1/2	1		2	50		870
109	224	0	0	3/4	2	1	1/2		1/2	1		5	59		870
109	224	0	0	3/4	1	1	3/8		1/4	3/2		2	74		863
109	224	1/8	1/8	3/4	1	2	1/8		1/8	1		-1	65		866
109	224	1/8	1/8	3/4	1	3	3/8		1/4	3/2		-1	65		868
109	224	1/4	1/4	3/4	1	2	1/8		1/8	1		5	71		867
109	224	1/4	1/4	3/4	1	4	1/4		1/4	1		5	71		869
109	224	3/8	3/8	3/4	1	1	1/8		1/8	1		2	74		864
109	224	1/2	1/2	3/4	2	1	1/4		1/4	1		9	51		871
109	224	1/2	1/2	3/4	2	1	1/4		1/4	1		3	57		871
109	224	1/2	1/2	3/4	1	1	1/4		1/4	1		6	66		865
109	224	1/2	1/2	3/4	1	1	1/4		1/4	1		0	72		865
110	225	0	0	3/4	2	1	1/4		1/4	1		4	52		880
110	225	0	0	3/4	1	1	1/4		1/4	1		2	62		872
110	225	0	0	3/4	1	1	1/4		1/4	1		4	64		872
110	225	0	0	3/4	1	1	1/4		1/4	1		8	68		872
110	225	0	0	3/4	1	1	1/4		1/4	1		5	71		872
110	225	1/4	1/4	3/4	1	1	1/8		1/8	1		2	62		873
110	225	1/4	1/4	3/4	1	2	1/2		1/2	1		2	62		878
110	225	3/8	3/8	3/4	1	1	1/8		1/8	1		4	64		874
110	225	3/8	3/8	3/4	1	3	3/8		1/4	3/2		4	64		879
110	225	1/2	1/2	3/4	2	1	1/4		1/4	1		4	40		881
110	225	1/2	1/2	3/4	2	1	1/4		1/4	1		4	52		881
110	225	1/2	1/2	3/4	1	1	1/12		1/8	2/3		5	71		875
110	225	7/12	7/12	3/4	1	1	1/12		1/8	2/3		0	72		876
110	225	2/3	2/3	3/4	1	1	1/12		1/8	2/3		5	71		877
111	226	0	0	3/4	2	1	1/4		1/4	1		3	45		890
111	226	0	0	3/4	2	1	1/4		1/4	1		4	52		890
111	226	0	0	3/4	1	1	3/8		1/4	3/2		3	69		882
111	226	1/8	1/8	3/4	1	3	1/8		1/8	1		0	60		887
111	226	1/8	1/8	3/4	1	2	3/8		1/4	3/2		0	60		885
111	226	1/4	1/4	3/4	1	3	1/8		1/8	1		4	64		888
111	226	1/4	1/4	3/4	1	4	1/4		1/4	1		4	64		889
111	226	3/8	3/8	3/4	1	1	1/8		1/8	1		3	69		883
111	226	1/2	1/2	3/4	2	1	1/4		1/4	1		4	40		891
111	226	1/2	1/2	3/4	2	1	1/4		1/4	1		4	52		891
111	226	1/2	1/2	3/4	1	2	1/4		1/4	1		0	60		886
111	226	1/2	1/2	3/4	1	2	1/4		1/4	1		4	64		886
111	226	1/2	1/2	3/4	1	1	1/4		1/4	1		0	72		884
112	227	0	0	3/4	2	1	1/4		1/4	1		8	44		900
112	227	0	0	3/4	2	1	1/4		1/4	1		4	52		900
112	227	0	0	3/4	1	1	1/4		1/4	1		2	62		892
112	227	0	0	3/4	1	1	1/4		1/4	1		4	64		892
112	227	0	0	3/4	1	1	1/4		1/4	1		5	71		892
112	227	1/4	1/4	3/4	1	1	1/8		1/8	1		2	62		893
112	227	1/4	1/4	3/4	1	2	1/2		1/2	1		2	62		898
112	227	3/8	3/8	3/4	1	1	1/8		1/8	1		4	64		894
112	227	3/8	3/8	3/4	1	3	3/8		1/4	3/2		4	64		899
112	227	1/2	1/2	3/4	2	1	1/4		1/4	1		4	40		901
112	227	1/2	1/2	3/4	2	1	1/4		1/4	1		4	52		901
112	227	1/2	1/2	3/4	1	1	1/12		1/8	2/3		5	71		895
112	227	7/12	7/12	3/4	1	1	1/12		1/8	2/3		0	72		896
112	227	2/3	2/3	3/4	1	1	1/12		1/8	2/3		5	71		897
113	228	0	0	3/4	2	1	1/4		1/4	1		3	45		908
113	228	0	0	3/4	2	1	1/4		1/4	1		4	52		908
113	228	0	0	3/4	1	1	1/4		1/4	1		3	69		902
113	228	1/4	1/4	3/4	1	2	1/4		1/4	1		0	60		906
113	228	1/4	1/4	3/4	1	1	1/8		1/8	1		1	67		903
113	228	3/8	3/8	3/4	1	1	1/8		1/8	1		-1	65		904
113	228	1/2	1/2	3/4	2	1	1/4		1/4	1		4	40		909
113	228	1/2	1/2	3/4	2	1	1/4		1/4	1		4	52		909
113	228	1/2	1/2	3/4	1	2	1/4		1/4	1		0	60		907
113	228	1/2	1/2	3/4	1	1	1/4		1/4	1		4	64		905
114	229	0	0	3/4	2	1	1/4		1/4	1		4	40		918
114	229	0	0	3/4	2	1	1/4		1/4	1		4	52		918
114	229	0	0	3/4	1	1	1/4		1/4	1		2	62		910
114	229	0	0	3/4	1	1	1/4		1/4	1		8	68		910
114	229	0	0	3/4	1	1	1/4		1/4	1		5	71		910
114	229	1/4	1/4	3/4	1	1	1/8		1/8	1		2	62		911
114	229	1/4	1/4	3/4	1	2	1/2		1/2	1		2	62		916
114	229	3/8	3/8	3/4	1	1	1/8		1/8	1		8	68		912
114	229	3/8	3/8	3/4	1	3	3/8		1/4	3/2		8	68		917
114	229	1/2	1/2	3/4	2	1	1/4		1/4	1		4	40		919
114	229	1/2	1/2	3/4	2	1	1/4		1/4	1		4	52		919
114	229	1/2	1/2	3/4	1	1	1/12		1/8	2/3		5	71		913
114	229	7/12	7/12	3/4	1	1	1/12		1/8	2/3		0	72		914
114	229	2/3	2/3	3/4	1	1	1/12		1/8	2/3		5	71		915
115	230	0	0	3/4	2	1	1/4		1/4	1		3	45		927
115	230	0	0	3/4	1	1	3/8		1/4	3/2		3	69		920
115	230	1/8	1/8	3/4	1	2	1/8		1/8	1		0	60		923
115	230	1/8	1/8	3/4	1	3	3/8		1/4	3/2		0	60		925
115	230	1/4	1/4	3/4	1	2	1/8		1/8	1		4	64		924
115	230	1/4	1/4	3/4	1	4	1/4		1/4	1		4	64		926
115	230	3/8	3/8	3/4	1	1	1/8		1/8	1		3	69		921
115	230	1/2	1/2	3/4	2	1	1/4		1/4	1		2	50		928
115	230	1/2	1/2	3/4	2	1	1/4		1/4	1		3	57		928
115	230	1/2	1/2	3/4	1	1	1/4		1/4	1		-1	65		922
115	230	1/2	1/2	3/4	1	1	1/4		1/4	1		0	72		922
116	231	0	0	3/4	2	1	1/4		1/4	1		4	52		937
116	231	0	0	3/4	1	1	1/4		1/4	1		2	62		929
116	231	0	0	3/4	1	1	1/4		1/4	1		8	68		929
116	231	0	0	3/4	1	1	1/4		1/4	1		5	71		929
116	231	1/4	1/4	3/4	1	1	1/8		1/8	1		2	62		930
116	231	1/4	1/4	3/4	1	2	1/2		1/2	1	1	2	62		935
116	231	3/8	3/8	3/4	1	1	1/8		1/8	1		8	68		931
116	231	3/8	3/8	3/4	1	3	3/8		1/4	3/2		8	68		936
116	231	1/2	1/2	3/4	2	1	1/4		1/4	1		4	40		938
116	231	1/2	1/2	3/4	2	1	1/4		1/4	1	1	4	52		938
116	231	1/2	1/2	3/4	1	1	1/12		1/8	2/3		5	71		932
116	231	7/12	7/12	3/4	1	1	1/12		1/8	2/3		0	72		933
116	231	2/3	2/3	3/4	1	1	1/12		1/8	2/3		5	71		934
117	232	0	0	3/4	2	1	1/4		1/4	1		3	45		946
117	232	0	0	3/4	2	1	1/4		1/4	1	-1	4	52		946
117	232	0	0	3/4	1	2	1/8		1/8	1	-1	2	62		943
117	232	0	0	3/4	1	1	1/4		1/4	1		3	69		939
117	232	1/8	1/8	3/4	1	2	1/8		1/8	1		0	60		944
117	232	1/4	1/4	3/4	2	1	1/4		1/4	1		2	50		947
117	232	1/4	1/4	3/4	2	1	1/4		1/4	1	1	3	57		947
117	232	1/4	1/4	3/4	1	2	1/4		1/4	1		2	62		945
117	232	1/4	1/4	3/4	1	1	1/8		1/8	1		1	67		940
117	232	3/8	3/8	3/4	1	1	1/8		1/8	1		-1	65		941
117	232	1/2	1/2	3/4	2	1	1/4		1/4	1		3	45		948
117	232	1/2	1/2	3/4	2	1	1/4		1/4	1		4	52		948
117	232	1/2	1/2	3/4	2	1	1/4		1/4	1	-1	3	57		948
117	232	1/2	1/2	3/4	1	1	1/4		1/4	1		0	60		942
117	232	1/2	1/2	3/4	1	1	1/4		1/4	1		4	64		942
118	233	0	0	3/4	2	1	1/4		1/4	1		4	52		958
118	233	0	0	3/4	1	1	1/4		1/4	1		2	62		949
118	233	0	0	3/4	1	1	1/4		1/4	1		8	68		949
118	233	0	0	3/4	1	1	1/4		1/4	1		5	71		949
118	233	1/4	1/4	3/4	1	1	1/8		1/8	1	1	2	62		950
118	233	1/4	1/4	3/4	1	2	1/4		1/4	1		2	62		955
118	233	3/8	3/8	3/4	1	1	1/8		1/8	1		8	68		951
118	233	3/8	3/8	3/4	1	3	3/8		1/4	3/2		8	68		957
118	233	1/2	1/2	3/4	2	1	1/4		1/4	1		4	40		959
118	233	1/2	1/2	3/4	2	1	1/4		1/4	1		4	52		959
118	233	1/2	1/2	3/4	1	2	1/4		1/4	1	-1	2	62		956
118	233	1/2	1/2	3/4	1	1	1/12		1/8	2/3		5	71		952
118	233	7/12	7/12	3/4	1	1	1/12		1/8	2/3		0	72		953
118	233	2/3	2/3	3/4	1	1	1/12		1/8	2/3		5	71		954
119	234	0	0	3/4	2	1	1/4		1/4	1		3	45		967
119	234	0	0	3/4	2	1	1/4		1/4	1		4	52		967
119	234	0	0	3/4	1	1	3/8		1/4	3/2		3	69		960
119	234	1/8	1/8	3/4	1	2	1/8		1/8	1		0	60		963
119	234	1/8	1/8	3/4	1	3	3/8		1/4	3/2		0	60		965
119	234	1/4	1/4	3/4	1	2	1/8		1/8	1		4	64		964
119	234	1/4	1/4	3/4	1	4	1/4		1/4	1		4	64		966
119	234	3/8	3/8	3/4	1	1	1/8		1/8	1		3	69		961
119	234	1/2	1/2	3/4	2	1	1/4		1/4	1		2	50		968
119	234	1/2	1/2	3/4	2	1	1/4		1/4	1	1	3	57		968
119	234	1/2	1/2	3/4	1	1	1/4		1/4	1		2	62		962
119	234	1/2	1/2	3/4	1	1	1/4		1/4	1		-1	65		962
119	234	1/2	1/2	3/4	1	1	1/4		1/4	1		0	72		962
120	235	0	0	3/4	2	1	1/4		1/4	1		3	45		976
120	235	0	0	3/4	2	1	1/4		1/4	1		4	52		976
120	235	0	0	3/4	2	1	1/4		1/4	1	-1	3	57		976
120	235	0	0	3/4	1	1	3/8		1/4	3/2		3	69		969
120	235	1/8	1/8	3/4	1	2	1/8		1/8	1		0	60		972
120	235	1/8	1/8	3/4	1	3	3/8		1/4	3/2		0	60		974
120	235	1/4	1/4	3/4	1	2	1/8		1/8	1		4	64		973
120	235	1/4	1/4	3/4	1	4	1/4		1/4	1		4	64		975
120	235	3/8	3/8	3/4	1	1	1/8		1/8	1		3	69		970
120	235	1/2	1/2	3/4	2	1	1/4		1/4	1		2	50		977
120	235	1/2	1/2	3/4	2	1	1/4		1/4	1	1	3	57		977
120	235	1/2	1/2	3/4	1	1	1/4		1/4	1		2	62		971
120	235	1/2	1/2	3/4	1	1	1/4		1/4	1		-1	65		971
120	235	1/2	1/2	3/4	1	1	1/4		1/4	1		0	72		971
121	236	0	0	3/4	2	1	1/4		1/4	1		3	45		985
121	236	0	0	3/4	2	1	1/4		1/4	1		4	52		985
121	236	0	0	3/4	2	1	1/4		1/4	1	-1	3	57		985
121	236	0	0	3/4	1	1	3/8		1/4	3/2		3	69		978
121	236	1/8	1/8	3/4	1	2	1/8		1/8	1		0	60		981
121	236	1/8	1/8	3/4	1	3	3/8		1/4	3/2		0	60		983
121	236	1/4	1/4	3/4	1	2	1/8		1/8	1		4	64		982
121	236	1/4	1/4	3/4	1	4	1/4		1/4	1		4	64		984
121	236	3/8	3/8	3/4	1	1	1/8		1/8	1		3	69		979
121	236	1/2	1/2	3/4	2	1	1/4		1/4	1		2	50		986
121	236	1/2	1/2	3/4	2	1	1/4		1/4	1		3	57		986
121	236	1/2	1/2	3/4	1	1	1/4		1/4	1		2	62		980
121	236	1/2	1/2	3/4	1	1	1/4		1/4	1		-1	65		980
121	236	1/2	1/2	3/4	1	1	1/4		1/4	1		0	72		980
122	237	0	0	3/4	2	1	1/4		1/4	1		3	45		988
122	237	0	0	3/4	2	1	1/4		1/4	1		4	52		988
122	237	0	0	3/4	1	1	3/4		1/2	3/2		3	69		987
122	237	1/4	1/4	3/4	2	1	3/8		1/4	3/2		0	60		989
122	237	1/4	1/4	3/4	2	1	3/8		1/4	3/2		4	64		989
122	237	5/8	5/8	3/4	2	1	1/8		1/8	1		5	59		990
122	237	5/8	5/8	3/4	2	1	1/8		1/8	1		9	63		990
123	238	0	0	3/4	2	1	1/4		1/4	1		2	62		992
123	238	0	0	3/4	2	1	1/4		1/4	1		-1	65		992
123	238	0	0	3/4	1	1	3/4		1/2	3/2		3	69		991
123	238	1/4	1/4	3/4	2	1	3/8		1/4	3/2		0	60		993
123	238	1/4	1/4	3/4	2	1	3/8		1/4	3/2		4	64		993
123	238	5/8	5/8	3/4	2	1	1/8		1/8	1		5	59		994
123	238	5/8	5/8	3/4	2	1	1/8		1/8	1		9	63		994
124	239	0	0	3/4	2	1	3/16		1/8	3/2		2	62		996
124	239	0	0	3/4	2	1	3/16		1/8	3/2		-1	65		996
124	239	0	0	3/4	1	1	3/4		1/2	3/2		3	69		995
124	239	3/16	3/16	3/4	2	1	1/16		1/16	1		0	60		997
124	239	3/16	3/16	3/4	2	1	1/16		1/16	1		4	64		997
124	239	1/4	1/4	3/4	2	1	3/8		1/4	3/2		0	60		998
124	239	1/4	1/4	3/4	2	1	3/8		1/4	3/2		4	64		998
124	239	5/8	5/8	3/4	2	1	1/8		1/8	1		5	59		999
124	239	5/8	5/8	3/4	2	1	1/8		1/8	1		9	63		999
125	240	0	0	3/4	2	1	3/16		1/8	3/2		5	59		1001
125	240	0	0	3/4	2	1	3/16		1/8	3/2		9	63		1001
125	240	0	0	3/4	1	1	3/4		1/2	3/2		3	69		1000
125	240	3/16	3/16	3/4	2	1	1/16		1/16	1		0	60		1002
125	240	3/16	3/16	3/4	2	1	1/16		1/16	1		4	64		1002
125	240	1/4	1/4	3/4	2	1	1/4		1/4	1		0	60		1003
125	240	1/4	1/4	3/4	2	1	1/4		1/4	1		4	64		1003
126	241	0	0	3/4	2	1	1/4		1/4	1		3	33		1005
126	241	0	0	3/4	1	1	3/4		1/2	3/2		3	69		1004
126	241	1/4	1/4	3/4	2	1	3/8		1/4	3/2		4	52		1006
126	241	1/4	1/4	3/4	2	1	3/8		1/4	3/2		0	60		1006
126	241	5/8	5/8	3/4	2	1	1/8		1/8	1		9	51		1007
126	241	5/8	5/8	3/4	2	1	1/8		1/8	1		5	59		1007
127	242	0	0	3/4	2	1	1/4		1/4	1		-1	53		1009
127	242	0	0	3/4	2	1	1/4		1/4	1		2	62		1009
127	242	0	0	3/4	1	1	3/4		1/2	3/2		3	69		1008
127	242	1/4	1/4	3/4	2	1	3/8		1/4	3/2		4	52		1010
127	242	1/4	1/4	3/4	2	1	3/8		1/4	3/2		0	60		1010
127	242	5/8	5/8	3/4	2	1	1/8		1/8	1		9	51		1011
127	242	5/8	5/8	3/4	2	1	1/8		1/8	1		5	59		1011
128	243	0	0	3/4	2	1	3/16		1/8	3/2		-1	53		1013
128	243	0	0	3/4	2	1	3/16		1/8	3/2		2	62		1013
128	243	0	0	3/4	1	1	3/4		1/2	3/2		3	69		1012
128	243	3/16	3/16	3/4	2	1	1/16		1/16	1		4	52		1014
128	243	3/16	3/16	3/4	2	1	1/16		1/16	1		0	60		1014
128	243	1/4	1/4	3/4	2	1	1/4		1/4	1		4	52		1015
128	243	1/4	1/4	3/4	2	1	1/4		1/4	1		0	60		1015
128	243	1/2	1/2	3/4	2	1	1/4		1/4	1		9	51		1016
128	243	1/2	1/2	3/4	2	1	1/4		1/4	1		5	59		1016
129	244	0	0	3/4	2	1	3/16		1/8	3/2		9	51		1018
129	244	0	0	3/4	2	1	3/16		1/8	3/2		5	59		1018
129	244	0	0	3/4	1	1	3/4		1/2	3/2		3	69		1017
129	244	3/16	3/16	3/4	2	1	1/16		1/16	1		4	52		1019
129	244	3/16	3/16	3/4	2	1	1/16		1/16	1		0	60		1019
129	244	1/4	1/4	3/4	2	1	1/4		1/4	1		0	48		1020
129	244	1/4	1/4	3/4	2	1	1/4		1/4	1		3	57		1020
130	245	0	0	3/4	2	1	1/4		1/4	1		3	33		1022
130	245	0	0	3/4	1	1	3/4		1/2	3/2		3	69		1021
130	245	1/4	1/4	3/4	2	1	1/4		1/4	1		4	52		1023
130	245	1/4	1/4	3/4	2	1	1/4		1/4	1		4	64		1023
131	246	0	0	3/4	1	1	0	grace8after	1/16	1		3	81		1024
131	246	0	0	3/4	1	1	0	grace8after	1/16	1		3	81		1025
131	246	0	0	3/4	1	1	0	grace8after	1/16	1		3	69		1026
131	246	0	0	3/4	1	1	0	grace8after	1/16	1		3	69		1027
131	246	0	0	3/4	1	1	0	grace8after	1/16	1		8	68		1028
131	246	0	0	3/4	2	1	3/16		1/8	3/2		9	51		1030
131	246	0	0	3/4	2	1	3/16		1/8	3/2		5	59		1030
131	246	0	0	3/4	1	1	3/4		1/2	3/2		3	69		1029
131	246	3/16	3/16	3/4	2	1	1/16		1/16	1		4	52		1031
131	246	3/16	3/16	3/4	2	1	1/16		1/16	1		0	60		1031
131	246	1/4	1/4	3/4	2	1	1/2		1/2	1		0	48		1032
131	246	1/4	1/4	3/4	2	1	1/2		1/2	1		3	57		1032
132	247	0	0	3/4	2	1	3/4		1/2	3/2		3	45		1034
132	247	0	0	3/4	2	1	3/4		1/2	3/2		4	52		1034
132	247	0	0	3/4	2	1	3/4		1/2	3/2		0	60		1034
132	247	0	0	3/4	1	1	1/4		1/4	1		0	96		1033
