mc	mn	quarterbeats	duration_qb	volta	mc_onset	mn_onset	timesig	staff	voice	duration	gracenote	nominal_duration	scalar	tied	tpc	midi	name	octave	chord_id
1	1	0	0.0		0	0	3/4	1	1	0	acciaccatura	1/8	1		-1	65	F4	4	0
1	1	0	1.0		0	0	3/4	2	1	1/4		1/4	1		-2	46	Bb2	2	5
1	1	0	0.5		0	0	3/4	1	1	1/8		1/8	1		2	74	D5	5	1
1	1	3/4	0.25		3/16	3/16	3/4	1	1	1/16		1/16	1		2	74	D5	5	2
1	1	1	1.0		1/4	1/4	3/4	2	1	1/4		1/4	1		-1	53	F3	3	6
1	1	1	1.0		1/4	1/4	3/4	2	1	1/4		1/4	1		-2	58	Bb3	3	6
1	1	1	1.0		1/4	1/4	3/4	2	1	1/4		1/4	1		2	62	D4	4	6
1	1	1	1.0		1/4	1/4	3/4	1	1	1/4		1/4	1		-2	70	Bb4	4	3
1	1	2	1.0		1/2	1/2	3/4	2	1	1/4		1/4	1		-1	53	F3	3	7
1	1	2	1.0		1/2	1/2	3/4	2	1	1/4		1/4	1		-2	58	Bb3	3	7
1	1	2	1.0		1/2	1/2	3/4	2	1	1/4		1/4	1		7	61	C#4	4	7
1	1	2	1.0		1/2	1/2	3/4	1	1	1/4		1/4	1		7	73	C#5	5	4
2	2	3	1.0		0	0	3/4	2	1	1/4		1/4	1		-1	53	F3	3	12
2	2	3	1.0		0	0	3/4	2	1	1/4		1/4	1		-2	58	Bb3	3	12
2	2	3	1.0		0	0	3/4	2	1	1/4		1/4	1		2	62	D4	4	12
2	2	3	1.0		0	0	3/4	1	1	1/4		1/4	1		2	74	D5	5	8
2	2	4	1.0		1/4	1/4	3/4	2	1	1/4		1/4	1		-1	53	F3	3	13
2	2	4	1.0		1/4	1/4	3/4	2	1	1/4		1/4	1		-2	58	Bb3	3	13
2	2	4	1.0		1/4	1/4	3/4	2	1	1/4		1/4	1		4	64	E4	4	13
2	2	4	0.5		1/4	1/4	3/4	1	1	1/8		1/8	1		0	72	C5	5	9
2	2	9/2	0.5		3/8	3/8	3/4	1	1	1/8		1/8	1		4	76	E5	5	10
2	2	5	1.0		1/2	1/2	3/4	2	1	1/4		1/4	1		-1	53	F3	3	14
2	2	5	1.0		1/2	1/2	3/4	2	1	1/4		1/4	1		-2	58	Bb3	3	14
2	2	5	1.0		1/2	1/2	3/4	2	1	1/4		1/4	1		4	64	E4	4	14
2	2	5	1.0		1/2	1/2	3/4	1	1	1/4		1/4	1		1	79	G5	5	11
3	3	6	1.0		0	0	3/4	2	1	1/4		1/4	1		-1	53	F3	3	19
3	3	6	1.0		0	0	3/4	2	1	1/4		1/4	1		3	57	A3	3	19
3	3	6	1.0		0	0	3/4	2	1	1/4		1/4	1		-1	65	F4	4	19
3	3	6	0.5		0	0	3/4	1	1	1/8		1/8	1		-1	77	F5	5	15
3	3	27/4	0.25		3/16	3/16	3/4	1	1	1/16		1/16	1		-1	77	F5	5	16
3	3	7	1.0		1/4	1/4	3/4	2	1	1/4		1/4	1		-1	53	F3	3	20
3	3	7	1.0		1/4	1/4	3/4	2	1	1/4		1/4	1		3	57	A3	3	20
3	3	7	1.0		1/4	1/4	3/4	2	1	1/4		1/4	1		-3	63	Eb4	4	20
3	3	7	1.0		1/4	1/4	3/4	1	1	1/4		1/4	1		0	72	C5	5	17
3	3	8	1.0		1/2	1/2	3/4	2	1	1/4		1/4	1		-1	53	F3	3	21
3	3	8	1.0		1/2	1/2	3/4	2	1	1/4		1/4	1		3	57	A3	3	21
3	3	8	1.0		1/2	1/2	3/4	2	1	1/4		1/4	1		-3	63	Eb4	4	21
3	3	8	1.0		1/2	1/2	3/4	1	1	1/4		1/4	1		-3	75	Eb5	5	18
4	4	9	1.0		0	0	3/4	2	1	1/4		1/4	1		-1	41	F2	2	26
4	4	9	1.0		0	0	3/4	1	1	1/4		1/4	1		2	74	D5	5	22
4	4	10	1.0		1/4	1/4	3/4	2	1	1/4		1/4	1		-1	53	F3	3	27
4	4	10	1.0		1/4	1/4	3/4	2	1	1/4		1/4	1		0	60	C4	4	27
4	4	10	1.0		1/4	1/4	3/4	2	1	1/4		1/4	1		-3	63	Eb4	4	27
4	4	10	0.5		1/4	1/4	3/4	1	1	1/8		1/8	1		0	72	C5	5	23
4	4	21/2	0.5		3/8	3/8	3/4	1	1	1/8		1/8	1		3	69	A4	4	24
4	4	11	1.0		1/2	1/2	3/4	2	1	1/4		1/4	1		-1	53	F3	3	28
4	4	11	1.0		1/2	1/2	3/4	2	1	1/4		1/4	1		0	60	C4	4	28
4	4	11	1.0		1/2	1/2	3/4	2	1	1/4		1/4	1		-3	63	Eb4	4	28
4	4	11	1.0		1/2	1/2	3/4	1	1	1/4		1/4	1		-1	65	F4	4	25
5	5	12	0.0		0	0	3/4	1	1	0	acciaccatura	1/8	1		-1	65	F4	4	29
5	5	12	1.0		0	0	3/4	2	1	1/4		1/4	1		-2	46	Bb2	2	34
5	5	12	0.5		0	0	3/4	1	1	1/8		1/8	1		2	74	D5	5	30
5	5	51/4	0.25		3/16	3/16	3/4	1	1	1/16		1/16	1		2	74	D5	5	31
5	5	13	1.0		1/4	1/4	3/4	2	1	1/4		1/4	1		-1	53	F3	3	35
5	5	13	1.0		1/4	1/4	3/4	2	1	1/4		1/4	1		-2	58	Bb3	3	35
5	5	13	1.0		1/4	1/4	3/4	2	1	1/4		1/4	1		2	62	D4	4	35
5	5	13	1.0		1/4	1/4	3/4	1	1	1/4		1/4	1		-2	70	Bb4	4	32
5	5	14	1.0		1/2	1/2	3/4	2	1	1/4		1/4	1		-1	53	F3	3	36
5	5	14	1.0		1/2	1/2	3/4	2	1	1/4		1/4	1		-2	58	Bb3	3	36
5	5	14	1.0		1/2	1/2	3/4	2	1	1/4		1/4	1		7	61	C#4	4	36
5	5	14	1.0		1/2	1/2	3/4	1	1	1/4		1/4	1		7	73	C#5	5	33
6	6	15	1.0		0	0	3/4	2	1	1/4		1/4	1		-1	53	F3	3	41
6	6	15	1.0		0	0	3/4	2	1	1/4		1/4	1		-2	58	Bb3	3	41
6	6	15	1.0		0	0	3/4	2	1	1/4		1/4	1		2	62	D4	4	41
6	6	15	1.0		0	0	3/4	1	1	1/4		1/4	1		2	74	D5	5	37
6	6	16	1.0		1/4	1/4	3/4	2	1	1/4		1/4	1		-1	53	F3	3	42
6	6	16	1.0		1/4	1/4	3/4	2	1	1/4		1/4	1		-2	58	Bb3	3	42
6	6	16	1.0		1/4	1/4	3/4	2	1	1/4		1/4	1		4	64	E4	4	42
6	6	16	0.5		1/4	1/4	3/4	1	1	1/8		1/8	1		0	72	C5	5	38
6	6	33/2	0.5		3/8	3/8	3/4	1	1	1/8		1/8	1		4	76	E5	5	39
6	6	17	1.0		1/2	1/2	3/4	2	1	1/4		1/4	1		-1	53	F3	3	43
6	6	17	1.0		1/2	1/2	3/4	2	1	1/4		1/4	1		-2	58	Bb3	3	43
6	6	17	1.0		1/2	1/2	3/4	2	1	1/4		1/4	1		4	64	E4	4	43
6	6	17	1.0		1/2	1/2	3/4	1	1	1/4		1/4	1		1	79	G5	5	40
7	7	18	1.0		0	0	3/4	2	1	1/4		1/4	1		-1	53	F3	3	48
7	7	18	1.0		0	0	3/4	2	1	1/4		1/4	1		3	57	A3	3	48
7	7	18	1.0		0	0	3/4	2	1	1/4		1/4	1		-1	65	F4	4	48
7	7	18	0.5		0	0	3/4	1	1	1/8		1/8	1		-1	77	F5	5	44
7	7	75/4	0.25		3/16	3/16	3/4	1	1	1/16		1/16	1		-1	77	F5	5	45
7	7	19	1.0		1/4	1/4	3/4	2	1	1/4		1/4	1		-1	53	F3	3	49
7	7	19	1.0		1/4	1/4	3/4	2	1	1/4		1/4	1		3	57	A3	3	49
7	7	19	1.0		1/4	1/4	3/4	2	1	1/4		1/4	1		-3	63	Eb4	4	49
7	7	19	1.0		1/4	1/4	3/4	1	1	1/4		1/4	1		0	72	C5	5	46
7	7	20	1.0		1/2	1/2	3/4	2	1	1/4		1/4	1		-1	53	F3	3	50
7	7	20	1.0		1/2	1/2	3/4	2	1	1/4		1/4	1		3	57	A3	3	50
7	7	20	1.0		1/2	1/2	3/4	2	1	1/4		1/4	1		-3	63	Eb4	4	50
7	7	20	1.0		1/2	1/2	3/4	1	1	1/4		1/4	1		-3	75	Eb5	5	47
8	8	21	1.0		0	0	3/4	2	1	1/4		1/4	1		-1	41	F2	2	55
8	8	21	1.0		0	0	3/4	1	1	1/4		1/4	1		2	74	D5	5	51
8	8	22	1.0		1/4	1/4	3/4	2	1	1/4		1/4	1		-1	53	F3	3	56
8	8	22	1.0		1/4	1/4	3/4	2	1	1/4		1/4	1		0	60	C4	4	56
8	8	22	1.0		1/4	1/4	3/4	2	1	1/4		1/4	1		-3	63	Eb4	4	56
8	8	22	0.5		1/4	1/4	3/4	1	1	1/8		1/8	1		0	72	C5	5	52
8	8	45/2	0.5		3/8	3/8	3/4	1	1	1/8		1/8	1		3	69	A4	4	53
8	8	23	1.0		1/2	1/2	3/4	2	1	1/4		1/4	1		-1	53	F3	3	57
8	8	23	1.0		1/2	1/2	3/4	2	1	1/4		1/4	1		0	60	C4	4	57
8	8	23	1.0		1/2	1/2	3/4	2	1	1/4		1/4	1		-3	63	Eb4	4	57
8	8	23	1.0		1/2	1/2	3/4	1	1	1/4		1/4	1		-1	65	F4	4	54
9	9	24	1.0		0	0	3/4	2	1	1/4		1/4	1		-2	46	Bb2	2	63
9	9	24	0.3333333333333333		0	0	3/4	1	1	1/12		1/8	2/3		-1	65	F4	4	58
9	9	73/3	0.3333333333333333		1/12	1/12	3/4	1	1	1/12		1/8	2/3		1	67	G4	4	59
9	9	74/3	0.3333333333333333		1/6	1/6	3/4	1	1	1/12		1/8	2/3		3	69	A4	4	60
9	9	25	1.0		1/4	1/4	3/4	2	1	1/4		1/4	1		-1	53	F3	3	64
9	9	25	1.0		1/4	1/4	3/4	2	1	1/4		1/4	1		-2	58	Bb3	3	64
9	9	25	1.0		1/4	1/4	3/4	2	1	1/4		1/4	1		2	62	D4	4	64
9	9	25	1.0		1/4	1/4	3/4	1	1	1/4		1/4	1		-2	70	Bb4	4	61
9	9	26	1.0		1/2	1/2	3/4	2	1	1/4		1/4	1		-1	53	F3	3	65
9	9	26	1.0		1/2	1/2	3/4	2	1	1/4		1/4	1		-4	56	Ab3	3	65
9	9	26	1.0		1/2	1/2	3/4	2	1	1/4		1/4	1		2	62	D4	4	65
9	9	26	1.0		1/2	1/2	3/4	1	1	1/4		1/4	1		5	71	B4	4	62
10	10	27	1.0		0	0	3/4	2	1	1/4		1/4	1		-3	39	Eb2	2	70
10	10	27	0.5		0	0	3/4	1	1	1/8		1/8	1		0	72	C5	5	66
10	10	55/2	0.5		1/8	1/8	3/4	1	1	1/8		1/8	1		2	74	D5	5	67
10	10	28	1.0		1/4	1/4	3/4	2	1	1/4		1/4	1		-3	51	Eb3	3	71
10	10	28	1.0		1/4	1/4	3/4	2	1	1/4		1/4	1		1	55	G3	3	71
10	10	28	1.0		1/4	1/4	3/4	2	1	1/4		1/4	1		0	60	C4	4	71
10	10	28	1.5		1/4	1/4	3/4	1	1	3/8		1/4	3/2		-3	75	Eb5	5	68
10	10	29	1.0		1/2	1/2	3/4	2	1	1/4		1/4	1		-3	51	Eb3	3	72
10	10	29	1.0		1/2	1/2	3/4	2	1	1/4		1/4	1		-6	54	Gb3	3	72
10	10	29	1.0		1/2	1/2	3/4	2	1	1/4		1/4	1		0	60	C4	4	72
10	10	59/2	0.5		5/8	5/8	3/4	1	1	1/8		1/8	1		-2	70	Bb4	4	69
11	11	30	1.0		0	0	3/4	2	1	1/4		1/4	1		-1	41	F2	2	79
11	11	30	0.5		0	0	3/4	1	1	1/8		1/8	1		3	69	A4	4	73
11	11	123/4	0.25		3/16	3/16	3/4	1	1	1/16		1/16	1		1	79	G5	5	74
11	11	31	1.0		1/4	1/4	3/4	2	1	1/4		1/4	1		-1	53	F3	3	80
11	11	31	1.0		1/4	1/4	3/4	2	1	1/4		1/4	1		0	60	C4	4	80
11	11	31	1.0		1/4	1/4	3/4	2	1	1/4		1/4	1		-3	63	Eb4	4	80
11	11	31	0.5		1/4	1/4	3/4	1	1	1/8		1/8	1		-1	77	F5	5	75
11	11	63/2	0.5		3/8	3/8	3/4	1	1	1/8		1/8	1		2	74	D5	5	76
11	11	32	1.0		1/2	1/2	3/4	2	1	1/4		1/4	1		-1	53	F3	3	81
11	11	32	1.0		1/2	1/2	3/4	2	1	1/4		1/4	1		0	60	C4	4	81
11	11	32	1.0		1/2	1/2	3/4	2	1	1/4		1/4	1		-3	63	Eb4	4	81
11	11	32	0.5		1/2	1/2	3/4	1	1	1/8		1/8	1		-3	75	Eb5	5	77
11	11	65/2	0.5		5/8	5/8	3/4	1	1	1/8		1/8	1		3	69	A4	4	78
12	12	33	1.0		0	0	3/4	2	1	1/4		1/4	1		-2	46	Bb2	2	87
12	12	33	0.3333333333333333		0	0	3/4	1	1	1/12		1/8	2/3		-2	70	Bb4	4	82
12	12	100/3	0.3333333333333333		1/12	1/12	3/4	1	1	1/12		1/8	2/3		0	72	C5	5	83
12	12	101/3	0.3333333333333333		1/6	1/6	3/4	1	1	1/12		1/8	2/3		2	74	D5	5	84
12	12	34	1.0		1/4	1/4	3/4	2	1	1/4		1/4	1		-1	53	F3	3	88
12	12	34	1.0		1/4	1/4	3/4	2	1	1/4		1/4	1		0	60	C4	4	88
12	12	34	1.0		1/4	1/4	3/4	2	1	1/4		1/4	1		-3	63	Eb4	4	88
12	12	34	1.5		1/4	1/4	3/4	1	1	3/8		1/4	3/2		0	72	C5	5	85
12	12	35	1.0		1/2	1/2	3/4	2	1	1/4		1/4	1		-1	53	F3	3	89
12	12	35	1.0		1/2	1/2	3/4	2	1	1/4		1/4	1		0	60	C4	4	89
12	12	35	1.0		1/2	1/2	3/4	2	1	1/4		1/4	1		-3	63	Eb4	4	89
12	12	71/2	0.5		5/8	5/8	3/4	1	1	1/8		1/8	1		1	67	G4	4	86
13	13	36	1.0		0	0	3/4	2	1	1/4		1/4	1		-2	46	Bb2	2	95
13	13	36	0.3333333333333333		0	0	3/4	1	1	1/12		1/8	2/3		-1	65	F4	4	90
13	13	109/3	0.3333333333333333		1/12	1/12	3/4	1	1	1/12		1/8	2/3		1	67	G4	4	91
13	13	110/3	0.3333333333333333		1/6	1/6	3/4	1	1	1/12		1/8	2/3		3	69	A4	4	92
13	13	37	1.0		1/4	1/4	3/4	2	1	1/4		1/4	1		-1	53	F3	3	96
13	13	37	1.0		1/4	1/4	3/4	2	1	1/4		1/4	1		-2	58	Bb3	3	96
13	13	37	1.0		1/4	1/4	3/4	2	1	1/4		1/4	1		2	62	D4	4	96
13	13	37	1.0		1/4	1/4	3/4	1	1	1/4		1/4	1		-2	70	Bb4	4	93
13	13	38	1.0		1/2	1/2	3/4	2	1	1/4		1/4	1		-1	53	F3	3	97
13	13	38	1.0		1/2	1/2	3/4	2	1	1/4		1/4	1		-4	56	Ab3	3	97
13	13	38	1.0		1/2	1/2	3/4	2	1	1/4		1/4	1		2	62	D4	4	97
13	13	38	1.0		1/2	1/2	3/4	1	1	1/4		1/4	1		5	71	B4	4	94
14	14	39	1.0		0	0	3/4	2	1	1/4		1/4	1		-3	39	Eb2	2	102
14	14	39	0.5		0	0	3/4	1	1	1/8		1/8	1		0	72	C5	5	98
14	14	79/2	0.5		1/8	1/8	3/4	1	1	1/8		1/8	1		2	74	D5	5	99
14	14	40	1.0		1/4	1/4	3/4	2	1	1/4		1/4	1		-3	51	Eb3	3	103
14	14	40	1.0		1/4	1/4	3/4	2	1	1/4		1/4	1		1	55	G3	3	103
14	14	40	1.0		1/4	1/4	3/4	2	1	1/4		1/4	1		0	60	C4	4	103
14	14	40	1.5		1/4	1/4	3/4	1	1	3/8		1/4	3/2		-3	75	Eb5	5	100
14	14	41	1.0		1/2	1/2	3/4	2	1	1/4		1/4	1		-3	51	Eb3	3	104
14	14	41	1.0		1/2	1/2	3/4	2	1	1/4		1/4	1		-6	54	Gb3	3	104
14	14	41	1.0		1/2	1/2	3/4	2	1	1/4		1/4	1		0	60	C4	4	104
14	14	83/2	0.5		5/8	5/8	3/4	1	1	1/8		1/8	1		-2	70	Bb4	4	101
15	15	42	1.0		0	0	3/4	2	1	1/4		1/4	1		-1	41	F2	2	111
15	15	42	0.5		0	0	3/4	1	1	1/8		1/8	1		3	69	A4	4	105
15	15	171/4	0.25		3/16	3/16	3/4	1	1	1/16		1/16	1		1	79	G5	5	106
15	15	43	1.0		1/4	1/4	3/4	2	1	1/4		1/4	1		-1	53	F3	3	112
15	15	43	1.0		1/4	1/4	3/4	2	1	1/4		1/4	1		0	60	C4	4	112
15	15	43	1.0		1/4	1/4	3/4	2	1	1/4		1/4	1		-3	63	Eb4	4	112
15	15	43	0.5		1/4	1/4	3/4	1	1	1/8		1/8	1		-1	77	F5	5	107
15	15	87/2	0.5		3/8	3/8	3/4	1	1	1/8		1/8	1		2	74	D5	5	108
15	15	44	1.0		1/2	1/2	3/4	2	1	1/4		1/4	1		-1	53	F3	3	113
15	15	44	1.0		1/2	1/2	3/4	2	1	1/4		1/4	1		0	60	C4	4	113
15	15	44	1.0		1/2	1/2	3/4	2	1	1/4		1/4	1		-3	63	Eb4	4	113
15	15	44	0.5		1/2	1/2	3/4	1	1	1/8		1/8	1		-3	75	Eb5	5	109
15	15	89/2	0.5		5/8	5/8	3/4	1	1	1/8		1/8	1		3	69	A4	4	110
16	16		1.0	1	0	0	3/4	2	1	1/4		1/4	1		-2	46	Bb2	2	119
16	16		0.3333333333333333	1	0	0	3/4	1	1	1/12		1/8	2/3		-2	70	Bb4	4	114
16	16		0.3333333333333333	1	1/12	1/12	3/4	1	1	1/12		1/8	2/3		-2	70	Bb4	4	115
16	16		0.3333333333333333	1	1/6	1/6	3/4	1	1	1/12		1/8	2/3		-2	70	Bb4	4	116
16	16		1.0	1	1/4	1/4	3/4	2	1	1/4		1/4	1		-1	53	F3	3	120
16	16		1.0	1	1/4	1/4	3/4	2	1	1/4		1/4	1		-2	58	Bb3	3	120
16	16		1.0	1	1/4	1/4	3/4	2	1	1/4		1/4	1		2	62	D4	4	120
16	16		0.5	1	1/4	1/4	3/4	1	1	1/8		1/8	1		-2	82	Bb5	5	117
16	16		1.0	1	1/2	1/2	3/4	1	1	1/4		1/4	1		1	67	G4	4	118
17	16	45	1.0	2	0	0	3/4	2	1	1/4		1/4	1		-2	46	Bb2	2	126
17	16	45	0.3333333333333333	2	0	0	3/4	1	1	1/12		1/8	2/3		-2	70	Bb4	4	121
17	16	136/3	0.3333333333333333	2	1/12	1/12	3/4	1	1	1/12		1/8	2/3		-2	70	Bb4	4	122
17	16	137/3	0.3333333333333333	2	1/6	1/6	3/4	1	1	1/12		1/8	2/3		-2	70	Bb4	4	123
17	16	46	1.0	2	1/4	1/4	3/4	2	1	1/4		1/4	1		-1	53	F3	3	127
17	16	46	1.0	2	1/4	1/4	3/4	2	1	1/4		1/4	1		-2	58	Bb3	3	127
17	16	46	1.0	2	1/4	1/4	3/4	2	1	1/4		1/4	1		2	62	D4	4	127
17	16	46	0.5	2	1/4	1/4	3/4	1	1	1/8		1/8	1		-2	82	Bb5	5	124
17	16	47	1.0	2	1/2	1/2	3/4	1	1	1/4		1/4	1		-2	82	Bb5	5	125
18	17	48	1.0		0	0	3/4	2	1	1/4		1/4	1		1	43	G2	2	132
18	17	48	0.5		0	0	3/4	1	1	1/8		1/8	1		-2	94	Bb6	6	128
18	17	195/4	0.25		3/16	3/16	3/4	1	1	1/16		1/16	1		3	93	A6	6	129
18	17	49	1.0		1/4	1/4	3/4	2	1	1/4		1/4	1		2	50	D3	3	133
18	17	49	1.0		1/4	1/4	3/4	2	1	1/4		1/4	1		-2	58	Bb3	3	133
18	17	49	1.5		1/4	1/4	3/4	1	1	3/8		1/4	3/2		1	91	G6	6	130
18	17	50	1.0		1/2	1/2	3/4	2	1	1/4		1/4	1		1	43	G2	2	134
18	17	101/2	0.5		5/8	5/8	3/4	1	1	1/8		1/8	1		-1	89	F6	6	131
19	18	51	1.0		0	0	3/4	2	1	1/4		1/4	1		0	48	C3	3	140
19	18	51	0.75		0	0	3/4	1	1	3/16		1/8	3/2		-3	87	Eb6	6	135
19	18	207/4	0.25		3/16	3/16	3/4	1	1	1/16		1/16	1		-1	89	F6	6	136
19	18	52	1.0		1/4	1/4	3/4	2	1	1/4		1/4	1		1	55	G3	3	141
19	18	52	1.0		1/4	1/4	3/4	2	1	1/4		1/4	1		3	57	A3	3	141
19	18	52	1.0		1/4	1/4	3/4	2	1	1/4		1/4	1		-3	63	Eb4	4	141
19	18	52	0.75		1/4	1/4	3/4	1	1	3/16		1/8	3/2		2	86	D6	6	137
19	18	211/4	0.25		7/16	7/16	3/4	1	1	1/16		1/16	1		-3	87	Eb6	6	138
19	18	53	1.0		1/2	1/2	3/4	2	1	1/4		1/4	1		0	48	C3	3	142
19	18	53	1.0		1/2	1/2	3/4	1	1	1/4		1/4	1		0	84	C6	6	139
20	19	54	1.0		0	0	3/4	2	1	1/4		1/4	1		2	50	D3	3	147
20	19	54	0.5		0	0	3/4	1	1	1/8		1/8	1		2	86	D6	6	143
20	19	219/4	0.25		3/16	3/16	3/4	1	1	1/16		1/16	1		2	86	D6	6	144
20	19	55	1.0		1/4	1/4	3/4	2	1	1/4		1/4	1		3	57	A3	3	148
20	19	55	1.0		1/4	1/4	3/4	2	1	1/4		1/4	1		0	60	C4	4	148
20	19	55	1.0		1/4	1/4	3/4	2	1	1/4		1/4	1		6	66	F#4	4	148
20	19	55	1.5		1/4	1/4	3/4	1	1	3/8		1/4	3/2		3	81	A5	5	145
20	19	56	1.0		1/2	1/2	3/4	2	1	1/4		1/4	1		2	50	D3	3	149
20	19	113/2	0.5		5/8	5/8	3/4	1	1	1/8		1/8	1		2	86	D6	6	146
21	20	57	0.0		0	0	3/4	1	1	0	acciaccatura	1/8	1		0	84	C6	6	150
21	20	57	1.0		0	0	3/4	2	1	1/4		1/4	1		1	55	G3	3	157
21	20	57	0.5		0	0	3/4	1	1	1/8		1/8	1		-2	82	Bb5	5	151
21	20	231/4	0.25		3/16	3/16	3/4	1	1	1/16		1/16	1		3	81	A5	5	152
21	20	58	1.0		1/4	1/4	3/4	2	1	1/4		1/4	1		-2	58	Bb3	3	158
21	20	58	1.0		1/4	1/4	3/4	2	1	1/4		1/4	1		2	62	D4	4	158
21	20	58	1.0		1/4	1/4	3/4	2	1	1/4		1/4	1		1	67	G4	4	158
21	20	58	0.5		1/4	1/4	3/4	1	1	1/8		1/8	1		1	79	G5	5	153
21	20	117/2	0.5		3/8	3/8	3/4	1	1	1/8		1/8	1		-2	82	Bb5	5	154
21	20	59	1.0		1/2	1/2	3/4	2	1	1/4		1/4	1		1	55	G3	3	159
21	20	59	0.5		1/2	1/2	3/4	1	1	1/8		1/8	1		7	85	C#6	6	155
21	20	119/2	0.5		5/8	5/8	3/4	1	1	1/8		1/8	1		2	86	D6	6	156
22	21	60	1.0		0	0	3/4	2	1	1/4		1/4	1		1	43	G2	2	164
22	21	60	0.5		0	0	3/4	1	1	1/8		1/8	1		-2	94	Bb6	6	160
22	21	243/4	0.25		3/16	3/16	3/4	1	1	1/16		1/16	1		3	93	A6	6	161
22	21	61	1.0		1/4	1/4	3/4	2	1	1/4		1/4	1		2	50	D3	3	165
22	21	61	1.0		1/4	1/4	3/4	2	1	1/4		1/4	1		-2	58	Bb3	3	165
22	21	61	1.5		1/4	1/4	3/4	1	1	3/8		1/4	3/2		1	91	G6	6	162
22	21	62	1.0		1/2	1/2	3/4	2	1	1/4		1/4	1		1	43	G2	2	166
22	21	125/2	0.5		5/8	5/8	3/4	1	1	1/8		1/8	1		-1	89	F6	6	163
23	22	63	1.0		0	0	3/4	2	1	1/4		1/4	1		0	48	C3	3	172
23	22	63	0.75		0	0	3/4	1	1	3/16		1/8	3/2		-3	87	Eb6	6	167
23	22	255/4	0.25		3/16	3/16	3/4	1	1	1/16		1/16	1		-1	89	F6	6	168
23	22	64	1.0		1/4	1/4	3/4	2	1	1/4		1/4	1		1	55	G3	3	173
23	22	64	1.0		1/4	1/4	3/4	2	1	1/4		1/4	1		3	57	A3	3	173
23	22	64	1.0		1/4	1/4	3/4	2	1	1/4		1/4	1		-3	63	Eb4	4	173
23	22	64	0.75		1/4	1/4	3/4	1	1	3/16		1/8	3/2		2	86	D6	6	169
23	22	259/4	0.25		7/16	7/16	3/4	1	1	1/16		1/16	1		-3	87	Eb6	6	170
23	22	65	1.0		1/2	1/2	3/4	2	1	1/4		1/4	1		0	48	C3	3	174
23	22	65	1.0		1/2	1/2	3/4	1	1	1/4		1/4	1		0	84	C6	6	171
24	23	66	1.0		0	0	3/4	2	1	1/4		1/4	1		2	50	D3	3	179
24	23	66	0.5		0	0	3/4	1	1	1/8		1/8	1		2	86	D6	6	175
24	23	267/4	0.25		3/16	3/16	3/4	1	1	1/16		1/16	1		2	86	D6	6	176
24	23	67	1.0		1/4	1/4	3/4	2	1	1/4		1/4	1		3	57	A3	3	180
24	23	67	1.0		1/4	1/4	3/4	2	1	1/4		1/4	1		0	60	C4	4	180
24	23	67	1.0		1/4	1/4	3/4	2	1	1/4		1/4	1		6	66	F#4	4	180
24	23	67	1.0		1/4	1/4	3/4	1	1	1/4		1/4	1		3	81	A5	5	177
24	23	68	1.0		1/2	1/2	3/4	2	1	1/4		1/4	1		2	50	D3	3	181
24	23	68	1.0		1/2	1/2	3/4	1	1	1/4		1/4	1		2	86	D6	6	178
25	24	69	1.0		0	0	3/4	2	1	1/4		1/4	1		1	55	G3	3	186
25	24	69	1.5		0	0	3/4	1	1	3/8		1/4	3/2		1	79	G5	5	182
25	24	70	1.0		1/4	1/4	3/4	2	1	1/4		1/4	1		-2	58	Bb3	3	187
25	24	70	1.0		1/4	1/4	3/4	2	1	1/4		1/4	1		2	62	D4	4	187
25	24	70	1.0		1/4	1/4	3/4	2	1	1/4		1/4	1		1	67	G4	4	187
25	24	141/2	0.5		3/8	3/8	3/4	1	1	1/8		1/8	1		1	91	G6	6	183
25	24	71	0.5		1/2	1/2	3/4	1	1	1/8		1/8	1		1	91	G6	6	184
25	24	143/2	0.5		5/8	5/8	3/4	1	1	1/8		1/8	1		1	91	G6	6	185
26	25	72	1.0		0	0	3/4	2	1	1/4		1/4	1		3	45	A2	2	192
26	25	72	1.5		0	0	3/4	1	1	3/8		1/4	3/2		1	91	G6	6	188
26	25	73	1.0		1/4	1/4	3/4	2	1	1/4		1/4	1		-1	53	F3	3	193
26	25	73	1.0		1/4	1/4	3/4	2	1	1/4		1/4	1		3	57	A3	3	193
26	25	73	1.0		1/4	1/4	3/4	2	1	1/4		1/4	1		-3	63	Eb4	4	193
26	25	147/2	0.5		3/8	3/8	3/4	1	1	1/8		1/8	1		-1	89	F6	6	189
26	25	74	1.0		1/2	1/2	3/4	2	1	1/4		1/4	1		-1	53	F3	3	194
26	25	74	1.0		1/2	1/2	3/4	2	1	1/4		1/4	1		3	57	A3	3	194
26	25	74	1.0		1/2	1/2	3/4	2	1	1/4		1/4	1		-3	63	Eb4	4	194
26	25	74	0.5		1/2	1/2	3/4	1	1	1/8		1/8	1		4	88	E6	6	190
26	25	149/2	0.5		5/8	5/8	3/4	1	1	1/8		1/8	1		-3	87	Eb6	6	191
27	26	75	1.0		0	0	3/4	2	1	1/4		1/4	1		-2	46	Bb2	2	200
27	26	75	1.0		0	0	3/4	1	1	1/4		1/4	1		2	86	D6	6	195
27	26	76	1.0		1/4	1/4	3/4	2	1	1/4		1/4	1		-1	53	F3	3	201
27	26	76	1.0		1/4	1/4	3/4	2	1	1/4		1/4	1		-2	58	Bb3	3	201
27	26	76	1.0		1/4	1/4	3/4	2	1	1/4		1/4	1		2	62	D4	4	201
27	26	76	0.5		1/4	1/4	3/4	1	1	1/8		1/8	1		0	84	C6	6	196
27	26	153/2	0.5		3/8	3/8	3/4	1	1	1/8		1/8	1		-2	82	Bb5	5	197
27	26	77	1.0		1/2	1/2	3/4	2	1	1/4		1/4	1		-1	53	F3	3	202
27	26	77	1.0		1/2	1/2	3/4	2	1	1/4		1/4	1		-2	58	Bb3	3	202
27	26	77	1.0		1/2	1/2	3/4	2	1	1/4		1/4	1		2	62	D4	4	202
27	26	77	0.5		1/2	1/2	3/4	1	1	1/8		1/8	1		3	81	A5	5	198
27	26	155/2	0.5		5/8	5/8	3/4	1	1	1/8		1/8	1		1	79	G5	5	199
28	27	78	1.0		0	0	3/4	2	1	1/4		1/4	1		0	48	C3	3	209
28	27	78	0.5		0	0	3/4	1	1	1/8		1/8	1		-1	77	F5	5	203
28	27	315/4	0.25		3/16	3/16	3/4	1	1	1/16		1/16	1		1	79	G5	5	204
28	27	79	1.0		1/4	1/4	3/4	2	1	1/4		1/4	1		-1	53	F3	3	210
28	27	79	1.0		1/4	1/4	3/4	2	1	1/4		1/4	1		0	60	C4	4	210
28	27	79	1.0		1/4	1/4	3/4	2	1	1/4		1/4	1		-3	63	Eb4	4	210
28	27	79	0.5		1/4	1/4	3/4	1	1	1/8		1/8	1		3	81	A5	5	205
28	27	159/2	0.5		3/8	3/8	3/4	1	1	1/8		1/8	1		-2	82	Bb5	5	206
28	27	80	1.0		1/2	1/2	3/4	2	1	1/4		1/4	1		-1	53	F3	3	211
28	27	80	1.0		1/2	1/2	3/4	2	1	1/4		1/4	1		0	60	C4	4	211
28	27	80	1.0		1/2	1/2	3/4	2	1	1/4		1/4	1		-3	63	Eb4	4	211
28	27	80	0.5		1/2	1/2	3/4	1	1	1/8		1/8	1		0	84	C6	6	207
28	27	161/2	0.5		5/8	5/8	3/4	1	1	1/8		1/8	1		7	85	C#6	6	208
29	28	81	1.0		0	0	3/4	2	1	1/4		1/4	1		-2	46	Bb2	2	217
29	28	81	1.0		0	0	3/4	1	1	1/4		1/4	1		2	86	D6	6	212
29	28	82	1.0		1/4	1/4	3/4	2	1	1/4		1/4	1		-1	53	F3	3	218
29	28	82	1.0		1/4	1/4	3/4	2	1	1/4		1/4	1		-2	58	Bb3	3	218
29	28	82	1.0		1/4	1/4	3/4	2	1	1/4		1/4	1		2	62	D4	4	218
29	28	82	0.5		1/4	1/4	3/4	1	1	1/8		1/8	1		0	84	C6	6	213
29	28	165/2	0.5		3/8	3/8	3/4	1	1	1/8		1/8	1		-2	82	Bb5	5	214
29	28	83	1.0		1/2	1/2	3/4	2	1	1/4		1/4	1		-1	53	F3	3	219
29	28	83	1.0		1/2	1/2	3/4	2	1	1/4		1/4	1		-2	58	Bb3	3	219
29	28	83	1.0		1/2	1/2	3/4	2	1	1/4		1/4	1		2	62	D4	4	219
29	28	83	0.5		1/2	1/2	3/4	1	1	1/8		1/8	1		3	81	A5	5	215
29	28	167/2	0.5		5/8	5/8	3/4	1	1	1/8		1/8	1		1	79	G5	5	216
30	29	84	0.0		0	0	3/4	1	1	0	acciaccatura	1/8	1		-1	77	F5	5	220
30	29	84	1.0		0	0	3/4	2	1	1/4		1/4	1		3	45	A2	2	225
30	29	84	1.5		0	0	3/4	1	1	3/8		1/4	3/2		1	91	G6	6	221
30	29	85	1.0		1/4	1/4	3/4	2	1	1/4		1/4	1		-1	53	F3	3	226
30	29	85	1.0		1/4	1/4	3/4	2	1	1/4		1/4	1		3	57	A3	3	226
30	29	85	1.0		1/4	1/4	3/4	2	1	1/4		1/4	1		-3	63	Eb4	4	226
30	29	171/2	0.5		3/8	3/8	3/4	1	1	1/8		1/8	1		-1	89	F6	6	222
30	29	86	1.0		1/2	1/2	3/4	2	1	1/4		1/4	1		-1	53	F3	3	227
30	29	86	1.0		1/2	1/2	3/4	2	1	1/4		1/4	1		3	57	A3	3	227
30	29	86	1.0		1/2	1/2	3/4	2	1	1/4		1/4	1		-3	63	Eb4	4	227
30	29	86	0.5		1/2	1/2	3/4	1	1	1/8		1/8	1		4	88	E6	6	223
30	29	173/2	0.5		5/8	5/8	3/4	1	1	1/8		1/8	1		-3	87	Eb6	6	224
31	30	87	1.0		0	0	3/4	2	1	1/4		1/4	1		-2	46	Bb2	2	233
31	30	87	1.0		0	0	3/4	1	1	1/4		1/4	1		2	86	D6	6	228
31	30	88	1.0		1/4	1/4	3/4	2	1	1/4		1/4	1		-1	53	F3	3	234
31	30	88	1.0		1/4	1/4	3/4	2	1	1/4		1/4	1		-2	58	Bb3	3	234
31	30	88	1.0		1/4	1/4	3/4	2	1	1/4		1/4	1		2	62	D4	4	234
31	30	88	0.5		1/4	1/4	3/4	1	1	1/8		1/8	1		0	84	C6	6	229
31	30	177/2	0.5		3/8	3/8	3/4	1	1	1/8		1/8	1		-2	82	Bb5	5	230
31	30	89	1.0		1/2	1/2	3/4	2	1	1/4		1/4	1		-1	53	F3	3	235
31	30	89	1.0		1/2	1/2	3/4	2	1	1/4		1/4	1		-2	58	Bb3	3	235
31	30	89	1.0		1/2	1/2	3/4	2	1	1/4		1/4	1		2	62	D4	4	235
31	30	89	0.5		1/2	1/2	3/4	1	1	1/8		1/8	1		3	81	A5	5	231
31	30	179/2	0.5		5/8	5/8	3/4	1	1	1/8		1/8	1		1	79	G5	5	232
32	31	90	1.0		0	0	3/4	2	1	1/4		1/4	1		-1	41	F2	2	242
32	31	90	0.5		0	0	3/4	1	1	1/8		1/8	1		-1	77	F5	5	236
32	31	363/4	0.25		3/16	3/16	3/4	1	1	1/16		1/16	1		1	79	G5	5	237
32	31	91	1.0		1/4	1/4	3/4	2	1	1/4		1/4	1		-1	53	F3	3	243
32	31	91	1.0		1/4	1/4	3/4	2	1	1/4		1/4	1		0	60	C4	4	243
32	31	91	1.0		1/4	1/4	3/4	2	1	1/4		1/4	1		-3	63	Eb4	4	243
32	31	91	0.5		1/4	1/4	3/4	1	1	1/8		1/8	1		3	81	A5	5	238
32	31	183/2	0.5		3/8	3/8	3/4	1	1	1/8		1/8	1		-2	82	Bb5	5	239
32	31	92	1.0		1/2	1/2	3/4	2	1	1/4		1/4	1		-1	53	F3	3	244
32	31	92	1.0		1/2	1/2	3/4	2	1	1/4		1/4	1		0	60	C4	4	244
32	31	92	1.0		1/2	1/2	3/4	2	1	1/4		1/4	1		-3	63	Eb4	4	244
32	31	92	0.5		1/2	1/2	3/4	1	1	1/8		1/8	1		0	84	C6	6	240
32	31	185/2	0.5		5/8	5/8	3/4	1	1	1/8		1/8	1		7	85	C#6	6	241
33	32	93	1.0		0	0	3/4	2	1	1/4		1/4	1		-2	46	Bb2	2	249
33	32	93	0.5		0	0	3/4	1	1	1/8		1/8	1		2	86	D6	6	245
33	32	375/4	0.25		3/16	3/16	3/4	1	1	1/16		1/16	1		-1	77	F5	5	246
33	32	94	1.0		1/4	1/4	3/4	2	1	1/4		1/4	1		-1	53	F3	3	250
33	32	94	1.0		1/4	1/4	3/4	2	1	1/4		1/4	1		-2	58	Bb3	3	250
33	32	94	1.0		1/4	1/4	3/4	2	1	1/4		1/4	1		2	62	D4	4	250
33	32	94	1.0		1/4	1/4	3/4	1	1	1/4		1/4	1		-2	82	Bb5	5	247
33	32	95	1.0		1/2	1/2	3/4	2	1	1/4		1/4	1		-1	53	F3	3	251
33	32	95	1.0		1/2	1/2	3/4	2	1	1/4		1/4	1		-2	58	Bb3	3	251
33	32	95	1.0		1/2	1/2	3/4	2	1	1/4		1/4	1		2	62	D4	4	251
33	32	95	1.0		1/2	1/2	3/4	1	1	1/4		1/4	1		2	86	D6	6	248
