mc	mn	quarterbeats	quarterbeats_all_endings	duration_qb	mc_onset	mn_onset	timesig	staff	voice	duration	gracenote	nominal_duration	scalar	tied	tpc	midi	name	octave	chord_id
1	0	0	0	0.5	0	5/8	3/4	1	1	1/8		1/8	1		3	69	A4	4	0
2	1	1/2	1/2	0.5	0	0	3/4	2	1	1/8		1/8	1		2	38	D2	2	5
2	1	1/2	1/2	0.5	0	0	3/4	2	1	1/8		1/8	1		2	50	D3	3	5
2	1	1/2	1/2	0.75	0	0	3/4	1	1	3/16		1/8	3/2		6	66	F#4	4	1
2	1	1/2	1/2	0.75	0	0	3/4	1	1	3/16		1/8	3/2		3	69	A4	4	1
2	1	5/4	5/4	0.25	3/16	3/16	3/4	2	1	1/16		1/16	1		2	50	D3	3	6
2	1	5/4	5/4	0.25	3/16	3/16	3/4	2	1	1/16		1/16	1		3	57	A3	3	6
2	1	5/4	5/4	0.25	3/16	3/16	3/4	2	1	1/16		1/16	1		2	62	D4	4	6
2	1	5/4	5/4	0.25	3/16	3/16	3/4	1	1	1/16		1/16	1		6	66	F#4	4	2
2	1	5/4	5/4	0.25	3/16	3/16	3/4	1	1	1/16		1/16	1		2	74	D5	5	2
2	1	3/2	3/2	1.0	1/4	1/4	3/4	2	1	1/4		1/4	1		2	50	D3	3	7
2	1	3/2	3/2	1.0	1/4	1/4	3/4	2	1	1/4		1/4	1		3	57	A3	3	7
2	1	3/2	3/2	1.0	1/4	1/4	3/4	2	1	1/4		1/4	1		2	62	D4	4	7
2	1	3/2	3/2	1.0	1/4	1/4	3/4	1	1	1/4		1/4	1		6	66	F#4	4	3
2	1	3/2	3/2	1.0	1/4	1/4	3/4	1	1	1/4		1/4	1		6	78	F#5	5	3
2	1	5/2	5/2	1.0	1/2	1/2	3/4	2	1	1/4		1/4	1		2	50	D3	3	8
2	1	5/2	5/2	1.0	1/2	1/2	3/4	2	1	1/4		1/4	1		4	52	E3	3	8
2	1	5/2	5/2	1.0	1/2	1/2	3/4	2	1	1/4		1/4	1		5	59	B3	3	8
2	1	5/2	5/2	1.0	1/2	1/2	3/4	1	1	1/4		1/4	1		1	67	G4	4	4
2	1	5/2	5/2	1.0	1/2	1/2	3/4	1	1	1/4		1/4	1		4	76	E5	5	4
2	1	5/2	5/2	1.0	1/2	1/2	3/4	1	1	1/4		1/4	1		1	79	G5	5	4
3	2	7/2	7/2	1.0	0	0	3/4	2	1	1/4		1/4	1		7	49	C#3	3	13
3	2	7/2	7/2	1.0	0	0	3/4	2	1	1/4		1/4	1		4	52	E3	3	13
3	2	7/2	7/2	1.0	0	0	3/4	2	1	1/4		1/4	1		3	57	A3	3	13
3	2	7/2	7/2	1.0	0	0	3/4	2	1	1/4		1/4	1		7	61	C#4	4	13
3	2	7/2	7/2	1.0	0	0	3/4	1	1	1/4		1/4	1		3	69	A4	4	9
3	2	7/2	7/2	1.0	0	0	3/4	1	1	1/4		1/4	1		4	76	E5	5	9
3	2	7/2	7/2	1.0	0	0	3/4	1	1	1/4		1/4	1		3	81	A5	5	9
3	2	9/2	9/2	1.0	1/4	1/4	3/4	2	1	1/4		1/4	1		7	49	C#3	3	14
3	2	9/2	9/2	1.0	1/4	1/4	3/4	2	1	1/4		1/4	1		4	52	E3	3	14
3	2	9/2	9/2	1.0	1/4	1/4	3/4	2	1	1/4		1/4	1		3	57	A3	3	14
3	2	9/2	9/2	1.0	1/4	1/4	3/4	2	1	1/4		1/4	1		7	61	C#4	4	14
3	2	9/2	9/2	1.0	1/4	1/4	3/4	1	2	1/4		1/4	1		3	69	A4	4	11
3	2	9/2	9/2	1.0	1/4	1/4	3/4	1	2	1/4		1/4	1		4	76	E5	5	11
3	2	9/2	9/2	2.0	1/4	1/4	3/4	1	1	1/2		1/2	1		3	81	A5	5	10
3	2	11/2	11/2	1.0	1/2	1/2	3/4	2	1	1/4		1/4	1		0	48	C3	3	15
3	2	11/2	11/2	1.0	1/2	1/2	3/4	2	1	1/4		1/4	1		6	54	F#3	3	15
3	2	11/2	11/2	1.0	1/2	1/2	3/4	2	1	1/4		1/4	1		3	57	A3	3	15
3	2	11/2	11/2	1.0	1/2	1/2	3/4	2	1	1/4		1/4	1		0	60	C4	4	15
3	2	11/2	11/2	1.0	1/2	1/2	3/4	1	2	1/4		1/4	1		3	69	A4	4	12
3	2	11/2	11/2	1.0	1/2	1/2	3/4	1	2	1/4		1/4	1		-3	75	Eb5	5	12
3	2	11/2	11/2	1.0	1/2	1/2	3/4	1	2	1/4		1/4	1		6	78	F#5	5	12
4	3	13/2	13/2	1.0	0	0	3/4	2	1	1/4		1/4	1		5	47	B2	2	24
4	3	13/2	13/2	1.0	0	0	3/4	2	1	1/4		1/4	1		2	50	D3	3	24
4	3	13/2	13/2	1.0	0	0	3/4	2	1	1/4		1/4	1		6	54	F#3	3	24
4	3	13/2	13/2	1.0	0	0	3/4	2	1	1/4		1/4	1		3	57	A3	3	24
4	3	13/2	13/2	1.0	0	0	3/4	1	2	1/4		1/4	1		2	74	D5	5	21
4	3	13/2	13/2	1.0	0	0	3/4	1	2	1/4		1/4	1		6	78	F#5	5	21
4	3	13/2	13/2	1.0	0	0	3/4	1	2	1/4		1/4	1		3	81	A5	5	21
4	3	13/2	13/2	0.75	0	0	3/4	1	1	3/16		1/8	3/2		2	86	D6	6	16
4	3	29/4	29/4	0.25	3/16	3/16	3/4	1	1	1/16		1/16	1		2	86	D6	6	17
4	3	15/2	15/2	1.0	1/4	1/4	3/4	2	1	1/4		1/4	1		5	47	B2	2	25
4	3	15/2	15/2	1.0	1/4	1/4	3/4	2	1	1/4		1/4	1		2	50	D3	3	25
4	3	15/2	15/2	1.0	1/4	1/4	3/4	2	1	1/4		1/4	1		1	55	G3	3	25
4	3	15/2	15/2	1.0	1/4	1/4	3/4	2	1	1/4		1/4	1		5	59	B3	3	25
4	3	15/2	15/2	1.0	1/4	1/4	3/4	1	2	1/4		1/4	1		2	74	D5	5	22
4	3	15/2	15/2	1.0	1/4	1/4	3/4	1	2	1/4		1/4	1		1	79	G5	5	22
4	3	15/2	15/2	1.0	1/4	1/4	3/4	1	1	1/4		1/4	1		2	86	D6	6	18
4	3	17/2	17/2	1.0	1/2	1/2	3/4	2	1	1/4		1/4	1		5	47	B2	2	26
4	3	17/2	17/2	1.0	1/2	1/2	3/4	2	1	1/4		1/4	1		2	50	D3	3	26
4	3	17/2	17/2	1.0	1/2	1/2	3/4	2	1	1/4		1/4	1		1	55	G3	3	26
4	3	17/2	17/2	1.0	1/2	1/2	3/4	2	1	1/4		1/4	1		5	59	B3	3	26
4	3	17/2	17/2	1.0	1/2	1/2	3/4	1	2	1/4		1/4	1		1	67	G4	4	23
4	3	17/2	17/2	0.5	1/2	1/2	3/4	1	1	1/8		1/8	1		2	74	D5	5	19
4	3	9	9	0.5	5/8	5/8	3/4	1	1	1/8		1/8	1		4	76	E5	5	20
5	4	19/2	19/2	1.0	0	0	3/4	2	1	1/4		1/4	1		10	46	A#2	2	30
5	4	19/2	19/2	1.0	0	0	3/4	2	1	1/4		1/4	1		7	49	C#3	3	30
5	4	19/2	19/2	1.0	0	0	3/4	2	1	1/4		1/4	1		6	54	F#3	3	30
5	4	19/2	19/2	1.0	0	0	3/4	2	1	1/4		1/4	1		10	58	A#3	3	30
5	4	19/2	19/2	1.0	0	0	3/4	1	1	1/4		1/4	1		6	66	F#4	4	27
5	4	19/2	19/2	1.0	0	0	3/4	1	1	1/4		1/4	1		7	73	C#5	5	27
5	4	19/2	19/2	1.0	0	0	3/4	1	1	1/4		1/4	1		6	78	F#5	5	27
5	4	21/2	21/2	1.0	1/4	1/4	3/4	2	1	1/4		1/4	1		10	46	A#2	2	31
5	4	21/2	21/2	1.0	1/4	1/4	3/4	2	1	1/4		1/4	1		7	49	C#3	3	31
5	4	21/2	21/2	1.0	1/4	1/4	3/4	2	1	1/4		1/4	1		6	54	F#3	3	31
5	4	21/2	21/2	1.0	1/4	1/4	3/4	2	1	1/4		1/4	1		10	58	A#3	3	31
5	4	21/2	21/2	1.0	1/4	1/4	3/4	1	2	1/4		1/4	1		6	66	F#4	4	29
5	4	21/2	21/2	1.0	1/4	1/4	3/4	1	2	1/4		1/4	1		7	73	C#5	5	29
5	4	21/2	21/2	2.0	1/4	1/4	3/4	1	1	1/2		1/2	1		6	78	F#5	5	28
6	5	25/2	25/2	1.0	0	0	3/4	2	1	1/4		1/4	1		3	45	A2	2	36
6	5	25/2	25/2	1.0	0	0	3/4	2	1	1/4		1/4	1		4	52	E3	3	36
6	5	25/2	25/2	1.0	0	0	3/4	2	1	1/4		1/4	1		3	57	A3	3	36
6	5	25/2	25/2	1.0	0	0	3/4	1	1	1/4		1/4	1		1	67	G4	4	32
6	5	25/2	25/2	1.0	0	0	3/4	1	1	1/4		1/4	1		3	69	A4	4	32
6	5	25/2	25/2	1.0	0	0	3/4	1	1	1/4		1/4	1		7	73	C#5	5	32
6	5	25/2	25/2	1.0	0	0	3/4	1	1	1/4		1/4	1		4	76	E5	5	32
6	5	25/2	25/2	1.0	0	0	3/4	1	1	1/4		1/4	1		3	81	A5	5	32
6	5	27/2	27/2	1.0	1/4	1/4	3/4	2	1	1/4		1/4	1		3	57	A3	3	37
6	5	27/2	27/2	1.0	1/4	1/4	3/4	2	1	1/4		1/4	1		7	61	C#4	4	37
6	5	27/2	27/2	1.0	1/4	1/4	3/4	2	1	1/4		1/4	1		1	67	G4	4	37
6	5	27/2	27/2	1.0	1/4	1/4	3/4	1	1	1/4		1/4	1		1	79	G5	5	33
6	5	29/2	29/2	1.0	1/2	1/2	3/4	2	1	1/4		1/4	1		3	57	A3	3	38
6	5	29/2	29/2	1.0	1/2	1/2	3/4	2	1	1/4		1/4	1		7	61	C#4	4	38
6	5	29/2	29/2	1.0	1/2	1/2	3/4	2	1	1/4		1/4	1		1	67	G4	4	38
6	5	29/2	29/2	0.5	1/2	1/2	3/4	1	1	1/8		1/8	1		6	78	F#5	5	34
6	5	15	15	0.5	5/8	5/8	3/4	1	1	1/8		1/8	1		4	76	E5	5	35
7	6	31/2	31/2	1.0	0	0	3/4	2	1	1/4		1/4	1		3	57	A3	3	43
7	6	31/2	31/2	1.0	0	0	3/4	2	1	1/4		1/4	1		12	60	B#3	3	43
7	6	31/2	31/2	1.0	0	0	3/4	2	1	1/4		1/4	1		6	66	F#4	4	43
7	6	31/2	31/2	0.5	0	0	3/4	1	1	1/8		1/8	1		9	75	D#5	5	39
7	6	65/4	65/4	0.25	3/16	3/16	3/4	1	1	1/16		1/16	1		3	69	A4	4	40
7	6	33/2	33/2	1.0	1/4	1/4	3/4	2	1	1/4		1/4	1		3	57	A3	3	44
7	6	33/2	33/2	1.0	1/4	1/4	3/4	2	1	1/4		1/4	1		12	60	B#3	3	44
7	6	33/2	33/2	1.0	1/4	1/4	3/4	2	1	1/4		1/4	1		6	66	F#4	4	44
7	6	33/2	33/2	1.0	1/4	1/4	3/4	1	1	1/4		1/4	1		9	75	D#5	5	41
7	6	35/2	35/2	1.0	1/2	1/2	3/4	2	1	1/4		1/4	1		3	57	A3	3	45
7	6	35/2	35/2	1.0	1/2	1/2	3/4	2	1	1/4		1/4	1		7	61	C#4	4	45
7	6	35/2	35/2	1.0	1/2	1/2	3/4	2	1	1/4		1/4	1		1	67	G4	4	45
7	6	35/2	35/2	1.0	1/2	1/2	3/4	1	1	1/4		1/4	1		3	69	A4	4	42
7	6	35/2	35/2	1.0	1/2	1/2	3/4	1	1	1/4		1/4	1		4	76	E5	5	42
8	7	37/2	37/2	1.0	0	0	3/4	2	1	1/4		1/4	1		3	57	A3	3	51
8	7	37/2	37/2	1.0	0	0	3/4	2	1	1/4		1/4	1		7	61	C#4	4	51
8	7	37/2	37/2	1.0	0	0	3/4	2	1	1/4		1/4	1		1	67	G4	4	51
8	7	37/2	37/2	0.5	0	0	3/4	1	1	1/8		1/8	1		3	69	A4	4	46
8	7	37/2	37/2	0.5	0	0	3/4	1	1	1/8		1/8	1		3	81	A5	5	46
8	7	77/4	77/4	0.25	3/16	3/16	3/4	1	1	1/16		1/16	1		5	83	B5	5	47
8	7	39/2	39/2	1.0	1/4	1/4	3/4	2	1	1/4		1/4	1		3	57	A3	3	52
8	7	39/2	39/2	1.0	1/4	1/4	3/4	2	1	1/4		1/4	1		7	61	C#4	4	52
8	7	39/2	39/2	1.0	1/4	1/4	3/4	2	1	1/4		1/4	1		1	67	G4	4	52
8	7	39/2	39/2	1.0	1/4	1/4	3/4	1	1	1/4		1/4	1		1	79	G5	5	48
8	7	41/2	41/2	1.0	1/2	1/2	3/4	2	1	1/4		1/4	1		3	57	A3	3	53
8	7	41/2	41/2	1.0	1/2	1/2	3/4	2	1	1/4		1/4	1		7	61	C#4	4	53
8	7	41/2	41/2	1.0	1/2	1/2	3/4	2	1	1/4		1/4	1		1	67	G4	4	53
8	7	41/2	41/2	0.5	1/2	1/2	3/4	1	1	1/8		1/8	1		6	78	F#5	5	49
8	7	21	21	0.5	5/8	5/8	3/4	1	1	1/8		1/8	1		4	76	E5	5	50
9	8	43/2	43/2	1.0	0	0	3/4	2	1	1/4		1/4	1		3	57	A3	3	58
9	8	43/2	43/2	1.0	0	0	3/4	2	1	1/4		1/4	1		12	60	B#3	3	58
9	8	43/2	43/2	1.0	0	0	3/4	2	1	1/4		1/4	1		6	66	F#4	4	58
9	8	43/2	43/2	0.5	0	0	3/4	1	1	1/8		1/8	1		9	75	D#5	5	54
9	8	89/4	89/4	0.25	3/16	3/16	3/4	1	1	1/16		1/16	1		3	69	A4	4	55
9	8	45/2	45/2	1.0	1/4	1/4	3/4	2	1	1/4		1/4	1		3	57	A3	3	59
9	8	45/2	45/2	1.0	1/4	1/4	3/4	2	1	1/4		1/4	1		12	60	B#3	3	59
9	8	45/2	45/2	1.0	1/4	1/4	3/4	2	1	1/4		1/4	1		6	66	F#4	4	59
9	8	45/2	45/2	1.0	1/4	1/4	3/4	1	1	1/4		1/4	1		9	75	D#5	5	56
9	8	47/2	47/2	1.0	1/2	1/2	3/4	2	1	1/4		1/4	1		3	57	A3	3	60
9	8	47/2	47/2	1.0	1/2	1/2	3/4	2	1	1/4		1/4	1		7	61	C#4	4	60
9	8	47/2	47/2	1.0	1/2	1/2	3/4	2	1	1/4		1/4	1		1	67	G4	4	60
9	8	47/2	47/2	1.0	1/2	1/2	3/4	1	1	1/4		1/4	1		4	76	E5	5	57
10	9	49/2	49/2	1.0	0	0	3/4	2	1	1/4		1/4	1		10	58	A#3	3	66
10	9	49/2	49/2	1.0	0	0	3/4	2	1	1/4		1/4	1		4	64	E4	4	66
10	9	49/2	49/2	1.0	0	0	3/4	2	1	1/4		1/4	1		6	66	F#4	4	66
10	9	49/2	49/2	0.5	0	0	3/4	1	1	1/8		1/8	1		1	79	G5	5	61
10	9	101/4	101/4	0.25	3/16	3/16	3/4	1	1	1/16		1/16	1		6	78	F#5	5	62
10	9	51/2	51/2	1.0	1/4	1/4	3/4	2	1	1/4		1/4	1		10	58	A#3	3	67
10	9	51/2	51/2	1.0	1/4	1/4	3/4	2	1	1/4		1/4	1		4	64	E4	4	67
10	9	51/2	51/2	1.0	1/4	1/4	3/4	2	1	1/4		1/4	1		6	66	F#4	4	67
10	9	51/2	51/2	1.0	1/4	1/4	3/4	1	1	1/4		1/4	1		7	73	C#5	5	63
10	9	53/2	53/2	1.0	1/2	1/2	3/4	2	1	1/4		1/4	1		10	58	A#3	3	68
10	9	53/2	53/2	1.0	1/2	1/2	3/4	2	1	1/4		1/4	1		4	64	E4	4	68
10	9	53/2	53/2	1.0	1/2	1/2	3/4	2	1	1/4		1/4	1		6	66	F#4	4	68
10	9	53/2	53/2	0.5	1/2	1/2	3/4	1	1	1/8		1/8	1		12	72	B#4	4	64
10	9	27	27	0.5	5/8	5/8	3/4	1	1	1/8		1/8	1		7	73	C#5	5	65
11	10	55/2	55/2	1.0	0	0	3/4	2	1	1/4		1/4	1		5	59	B3	3	74
11	10	55/2	55/2	1.0	0	0	3/4	2	1	1/4		1/4	1		2	62	D4	4	74
11	10	55/2	55/2	1.0	0	0	3/4	2	1	1/4		1/4	1		6	66	F#4	4	74
11	10	55/2	55/2	0.5	0	0	3/4	1	1	1/8		1/8	1		4	76	E5	5	69
11	10	113/4	113/4	0.25	3/16	3/16	3/4	1	1	1/16		1/16	1		2	74	D5	5	70
11	10	57/2	57/2	1.0	1/4	1/4	3/4	2	1	1/4		1/4	1		5	59	B3	3	75
11	10	57/2	57/2	1.0	1/4	1/4	3/4	2	1	1/4		1/4	1		2	62	D4	4	75
11	10	57/2	57/2	1.0	1/4	1/4	3/4	2	1	1/4		1/4	1		6	66	F#4	4	75
11	10	57/2	57/2	1.0	1/4	1/4	3/4	1	1	1/4		1/4	1		5	71	B4	4	71
11	10	59/2	59/2	1.0	1/2	1/2	3/4	2	1	1/4		1/4	1		8	56	G#3	3	76
11	10	59/2	59/2	1.0	1/2	1/2	3/4	2	1	1/4		1/4	1		2	62	D4	4	76
11	10	59/2	59/2	1.0	1/2	1/2	3/4	2	1	1/4		1/4	1		-1	65	F4	4	76
11	10	59/2	59/2	0.5	1/2	1/2	3/4	1	1	1/8		1/8	1		7	73	C#5	5	72
11	10	30	30	0.5	5/8	5/8	3/4	1	1	1/8		1/8	1		5	71	B4	4	73
12	11	61/2	61/2	1.0	0	0	3/4	2	1	1/4		1/4	1		3	57	A3	3	83
12	11	61/2	61/2	1.0	0	0	3/4	2	1	1/4		1/4	1		2	62	D4	4	83
12	11	61/2	61/2	1.0	0	0	3/4	2	1	1/4		1/4	1		4	64	E4	4	83
12	11	61/2	61/2	0.5	0	0	3/4	1	1	1/8		1/8	1		3	69	A4	4	77
12	11	31	31	0.5	1/8	1/8	3/4	1	1	1/8		1/8	1		8	68	G#4	4	78
12	11	63/2	63/2	1.0	1/4	1/4	3/4	2	1	1/4		1/4	1		3	57	A3	3	84
12	11	63/2	63/2	1.0	1/4	1/4	3/4	2	1	1/4		1/4	1		7	61	C#4	4	84
12	11	63/2	63/2	1.0	1/4	1/4	3/4	2	1	1/4		1/4	1		4	64	E4	4	84
12	11	63/2	63/2	0.5	1/4	1/4	3/4	1	1	1/8		1/8	1		3	69	A4	4	79
12	11	32	32	0.5	3/8	3/8	3/4	1	1	1/8		1/8	1		5	83	B5	5	80
12	11	65/2	65/2	1.0	1/2	1/2	3/4	2	1	1/4		1/4	1		3	57	A3	3	85
12	11	65/2	65/2	1.0	1/2	1/2	3/4	2	1	1/4		1/4	1		7	61	C#4	4	85
12	11	65/2	65/2	1.0	1/2	1/2	3/4	2	1	1/4		1/4	1		1	67	G4	4	85
12	11	65/2	65/2	0.5	1/2	1/2	3/4	1	1	1/8		1/8	1		3	81	A5	5	81
12	11	33	33	0.5	5/8	5/8	3/4	1	1	1/8		1/8	1		4	76	E5	5	82
13	12	67/2	67/2	1.0	0	0	3/4	2	1	1/4		1/4	1		2	50	D3	3	91
13	12	67/2	67/2	0.75	0	0	3/4	1	1	3/16		1/8	3/2		1	79	G5	5	86
13	12	137/4	137/4	0.25	3/16	3/16	3/4	1	1	1/16		1/16	1		6	78	F#5	5	87
13	12	69/2	69/2	1.0	1/4	1/4	3/4	2	1	1/4		1/4	1		3	57	A3	3	92
13	12	69/2	69/2	1.0	1/4	1/4	3/4	2	1	1/4		1/4	1		6	66	F#4	4	92
13	12	69/2	69/2	1.0	1/4	1/4	3/4	1	1	1/4		1/4	1		2	74	D5	5	88
13	12	71/2	71/2	0.75	1/2	1/2	3/4	1	1	3/16		1/8	3/2		6	78	F#5	5	89
13	12	145/4	145/4	0.25	11/16	11/16	3/4	1	1	1/16		1/16	1		5	83	B5	5	90
14	13	73/2	73/2	1.0	0	0	3/4	2	1	1/4		1/4	1		3	45	A2	2	97
14	13	73/2	73/2	1.0	0	0	3/4	2	1	1/4		1/4	1		3	57	A3	3	97
14	13	73/2	73/2	0.5	0	0	3/4	1	1	1/8		1/8	1		3	69	A4	4	93
14	13	73/2	73/2	0.5	0	0	3/4	1	1	1/8		1/8	1		3	81	A5	5	93
14	13	75/2	75/2	1.0	1/4	1/4	3/4	2	1	1/4		1/4	1		3	57	A3	3	98
14	13	75/2	75/2	1.0	1/4	1/4	3/4	2	1	1/4		1/4	1		7	61	C#4	4	98
14	13	75/2	75/2	1.0	1/4	1/4	3/4	2	1	1/4		1/4	1		1	67	G4	4	98
14	13	75/2	75/2	1.0	1/4	1/4	3/4	1	1	1/4		1/4	1		4	76	E5	5	94
14	13	77/2	77/2	1.0	1/2	1/2	3/4	2	1	1/4		1/4	1		3	57	A3	3	99
14	13	77/2	77/2	1.0	1/2	1/2	3/4	2	1	1/4		1/4	1		7	61	C#4	4	99
14	13	77/2	77/2	1.0	1/2	1/2	3/4	2	1	1/4		1/4	1		1	67	G4	4	99
14	13	77/2	77/2	0.5	1/2	1/2	3/4	1	1	1/8		1/8	1		6	78	F#5	5	95
14	13	39	39	0.5	5/8	5/8	3/4	1	1	1/8		1/8	1		4	76	E5	5	96
15	14	79/2	79/2	1.0	0	0	3/4	2	1	1/4		1/4	1		3	57	A3	3	104
15	14	79/2	79/2	1.0	0	0	3/4	2	1	1/4		1/4	1		12	60	B#3	3	104
15	14	79/2	79/2	1.0	0	0	3/4	2	1	1/4		1/4	1		6	66	F#4	4	104
15	14	79/2	79/2	0.5	0	0	3/4	1	1	1/8		1/8	1		9	75	D#5	5	100
15	14	161/4	161/4	0.25	3/16	3/16	3/4	1	1	1/16		1/16	1		3	69	A4	4	101
15	14	81/2	81/2	1.0	1/4	1/4	3/4	2	1	1/4		1/4	1		3	57	A3	3	105
15	14	81/2	81/2	1.0	1/4	1/4	3/4	2	1	1/4		1/4	1		12	60	B#3	3	105
15	14	81/2	81/2	1.0	1/4	1/4	3/4	2	1	1/4		1/4	1		6	66	F#4	4	105
15	14	81/2	81/2	1.0	1/4	1/4	3/4	1	1	1/4		1/4	1		9	75	D#5	5	102
15	14	83/2	83/2	1.0	1/2	1/2	3/4	2	1	1/4		1/4	1		3	57	A3	3	106
15	14	83/2	83/2	1.0	1/2	1/2	3/4	2	1	1/4		1/4	1		7	61	C#4	4	106
15	14	83/2	83/2	1.0	1/2	1/2	3/4	2	1	1/4		1/4	1		1	67	G4	4	106
15	14	83/2	83/2	1.0	1/2	1/2	3/4	1	1	1/4		1/4	1		3	69	A4	4	103
15	14	83/2	83/2	1.0	1/2	1/2	3/4	1	1	1/4		1/4	1		4	76	E5	5	103
16	15	85/2	85/2	1.0	0	0	3/4	2	1	1/4		1/4	1		3	57	A3	3	112
16	15	85/2	85/2	1.0	0	0	3/4	2	1	1/4		1/4	1		7	61	C#4	4	112
16	15	85/2	85/2	1.0	0	0	3/4	2	1	1/4		1/4	1		1	67	G4	4	112
16	15	85/2	85/2	0.5	0	0	3/4	1	1	1/8		1/8	1		3	69	A4	4	107
16	15	85/2	85/2	0.5	0	0	3/4	1	1	1/8		1/8	1		3	81	A5	5	107
16	15	173/4	173/4	0.25	3/16	3/16	3/4	1	1	1/16		1/16	1		5	83	B5	5	108
16	15	87/2	87/2	1.0	1/4	1/4	3/4	2	1	1/4		1/4	1		3	57	A3	3	113
16	15	87/2	87/2	1.0	1/4	1/4	3/4	2	1	1/4		1/4	1		7	61	C#4	4	113
16	15	87/2	87/2	1.0	1/4	1/4	3/4	2	1	1/4		1/4	1		1	67	G4	4	113
16	15	87/2	87/2	1.0	1/4	1/4	3/4	1	1	1/4		1/4	1		1	79	G5	5	109
16	15	89/2	89/2	1.0	1/2	1/2	3/4	2	1	1/4		1/4	1		3	57	A3	3	114
16	15	89/2	89/2	1.0	1/2	1/2	3/4	2	1	1/4		1/4	1		7	61	C#4	4	114
16	15	89/2	89/2	1.0	1/2	1/2	3/4	2	1	1/4		1/4	1		1	67	G4	4	114
16	15	89/2	89/2	0.5	1/2	1/2	3/4	1	1	1/8		1/8	1		6	78	F#5	5	110
16	15	45	45	0.5	5/8	5/8	3/4	1	1	1/8		1/8	1		4	76	E5	5	111
17	16	91/2	91/2	1.0	0	0	3/4	2	1	1/4		1/4	1		3	57	A3	3	119
17	16	91/2	91/2	1.0	0	0	3/4	2	1	1/4		1/4	1		12	60	B#3	3	119
17	16	91/2	91/2	1.0	0	0	3/4	2	1	1/4		1/4	1		6	66	F#4	4	119
17	16	91/2	91/2	0.5	0	0	3/4	1	1	1/8		1/8	1		9	75	D#5	5	115
17	16	185/4	185/4	0.25	3/16	3/16	3/4	1	1	1/16		1/16	1		3	69	A4	4	116
17	16	93/2	93/2	1.0	1/4	1/4	3/4	2	1	1/4		1/4	1		3	57	A3	3	120
17	16	93/2	93/2	1.0	1/4	1/4	3/4	2	1	1/4		1/4	1		12	60	B#3	3	120
17	16	93/2	93/2	1.0	1/4	1/4	3/4	2	1	1/4		1/4	1		6	66	F#4	4	120
17	16	93/2	93/2	1.0	1/4	1/4	3/4	1	1	1/4		1/4	1		9	75	D#5	5	117
17	16	95/2	95/2	1.0	1/2	1/2	3/4	2	1	1/4		1/4	1		3	57	A3	3	121
17	16	95/2	95/2	1.0	1/2	1/2	3/4	2	1	1/4		1/4	1		7	61	C#4	4	121
17	16	95/2	95/2	1.0	1/2	1/2	3/4	2	1	1/4		1/4	1		1	67	G4	4	121
17	16	95/2	95/2	1.0	1/2	1/2	3/4	1	1	1/4		1/4	1		4	76	E5	5	118
18	17	97/2	97/2	1.0	0	0	3/4	2	1	1/4		1/4	1		10	58	A#3	3	127
18	17	97/2	97/2	1.0	0	0	3/4	2	1	1/4		1/4	1		4	64	E4	4	127
18	17	97/2	97/2	1.0	0	0	3/4	2	1	1/4		1/4	1		6	66	F#4	4	127
18	17	97/2	97/2	0.5	0	0	3/4	1	1	1/8		1/8	1		1	79	G5	5	122
18	17	197/4	197/4	0.25	3/16	3/16	3/4	1	1	1/16		1/16	1		6	78	F#5	5	123
18	17	99/2	99/2	1.0	1/4	1/4	3/4	2	1	1/4		1/4	1		10	58	A#3	3	128
18	17	99/2	99/2	1.0	1/4	1/4	3/4	2	1	1/4		1/4	1		4	64	E4	4	128
18	17	99/2	99/2	1.0	1/4	1/4	3/4	2	1	1/4		1/4	1		6	66	F#4	4	128
18	17	99/2	99/2	1.0	1/4	1/4	3/4	1	1	1/4		1/4	1		7	73	C#5	5	124
18	17	101/2	101/2	1.0	1/2	1/2	3/4	2	1	1/4		1/4	1		10	58	A#3	3	129
18	17	101/2	101/2	1.0	1/2	1/2	3/4	2	1	1/4		1/4	1		4	64	E4	4	129
18	17	101/2	101/2	1.0	1/2	1/2	3/4	2	1	1/4		1/4	1		6	66	F#4	4	129
18	17	101/2	101/2	0.5	1/2	1/2	3/4	1	1	1/8		1/8	1		12	72	B#4	4	125
18	17	51	51	0.5	5/8	5/8	3/4	1	1	1/8		1/8	1		7	73	C#5	5	126
19	18	103/2	103/2	1.0	0	0	3/4	2	1	1/4		1/4	1		5	59	B3	3	135
19	18	103/2	103/2	1.0	0	0	3/4	2	1	1/4		1/4	1		2	62	D4	4	135
19	18	103/2	103/2	1.0	0	0	3/4	2	1	1/4		1/4	1		6	66	F#4	4	135
19	18	103/2	103/2	0.5	0	0	3/4	1	1	1/8		1/8	1		4	76	E5	5	130
19	18	209/4	209/4	0.25	3/16	3/16	3/4	1	1	1/16		1/16	1		2	74	D5	5	131
19	18	105/2	105/2	1.0	1/4	1/4	3/4	2	1	1/4		1/4	1		5	59	B3	3	136
19	18	105/2	105/2	1.0	1/4	1/4	3/4	2	1	1/4		1/4	1		2	62	D4	4	136
19	18	105/2	105/2	1.0	1/4	1/4	3/4	2	1	1/4		1/4	1		6	66	F#4	4	136
19	18	105/2	105/2	1.0	1/4	1/4	3/4	1	1	1/4		1/4	1		5	71	B4	4	132
19	18	107/2	107/2	1.0	1/2	1/2	3/4	2	1	1/4		1/4	1		8	56	G#3	3	137
19	18	107/2	107/2	1.0	1/2	1/2	3/4	2	1	1/4		1/4	1		2	62	D4	4	137
19	18	107/2	107/2	1.0	1/2	1/2	3/4	2	1	1/4		1/4	1		-1	65	F4	4	137
19	18	107/2	107/2	0.5	1/2	1/2	3/4	1	1	1/8		1/8	1		7	73	C#5	5	133
19	18	54	54	0.5	5/8	5/8	3/4	1	1	1/8		1/8	1		5	71	B4	4	134
20	19	109/2	109/2	1.0	0	0	3/4	2	1	1/4		1/4	1		3	57	A3	3	144
20	19	109/2	109/2	1.0	0	0	3/4	2	1	1/4		1/4	1		2	62	D4	4	144
20	19	109/2	109/2	1.0	0	0	3/4	2	1	1/4		1/4	1		4	64	E4	4	144
20	19	109/2	109/2	0.5	0	0	3/4	1	1	1/8		1/8	1		3	69	A4	4	138
20	19	55	55	0.5	1/8	1/8	3/4	1	1	1/8		1/8	1		8	68	G#4	4	139
20	19	111/2	111/2	1.0	1/4	1/4	3/4	2	1	1/4		1/4	1		3	57	A3	3	145
20	19	111/2	111/2	1.0	1/4	1/4	3/4	2	1	1/4		1/4	1		7	61	C#4	4	145
20	19	111/2	111/2	1.0	1/4	1/4	3/4	2	1	1/4		1/4	1		4	64	E4	4	145
20	19	111/2	111/2	0.5	1/4	1/4	3/4	1	1	1/8		1/8	1		3	69	A4	4	140
20	19	56	56	0.5	3/8	3/8	3/4	1	1	1/8		1/8	1		5	83	B5	5	141
20	19	113/2	113/2	1.0	1/2	1/2	3/4	2	1	1/4		1/4	1		3	57	A3	3	146
20	19	113/2	113/2	1.0	1/2	1/2	3/4	2	1	1/4		1/4	1		7	61	C#4	4	146
20	19	113/2	113/2	1.0	1/2	1/2	3/4	2	1	1/4		1/4	1		1	67	G4	4	146
20	19	113/2	113/2	0.5	1/2	1/2	3/4	1	1	1/8		1/8	1		3	81	A5	5	142
20	19	57	57	0.5	5/8	5/8	3/4	1	1	1/8		1/8	1		4	76	E5	5	143
21	20	115/2	115/2	1.0	0	0	3/4	2	1	1/4		1/4	1		2	50	D3	3	151
21	20	115/2	115/2	0.75	0	0	3/4	1	1	3/16		1/8	3/2		1	79	G5	5	147
21	20	233/4	233/4	0.25	3/16	3/16	3/4	1	1	1/16		1/16	1		6	78	F#5	5	148
21	20	117/2	117/2	1.0	1/4	1/4	3/4	2	1	1/4		1/4	1		3	57	A3	3	152
21	20	117/2	117/2	1.0	1/4	1/4	3/4	2	1	1/4		1/4	1		6	66	F#4	4	152
21	20	117/2	117/2	1.0	1/4	1/4	3/4	1	1	1/4		1/4	1		2	74	D5	5	149
21	20	119/2	119/2	1.0	1/2	1/2	3/4	2	1	1/4		1/4	1		2	50	D3	3	153
21	20	119/2	119/2	1.0	1/2	1/2	3/4	1	1	1/4		1/4	1		6	78	F#5	5	150
21	20	119/2	119/2	1.0	1/2	1/2	3/4	1	1	1/4		1/4	1		6	90	F#6	6	150
22	21	121/2	121/2	0.75	0	0	3/4	2	1	3/16		1/8	3/2		4	52	E3	3	158
22	21	121/2	121/2	0.75	0	0	3/4	2	1	3/16		1/8	3/2		8	56	G#3	3	158
22	21	121/2	121/2	0.75	0	0	3/4	2	1	3/16		1/8	3/2		2	62	D4	4	158
22	21	121/2	121/2	0.75	0	0	3/4	2	1	3/16		1/8	3/2		4	64	E4	4	158
22	21	121/2	121/2	0.75	0	0	3/4	1	1	3/16		1/8	3/2		4	76	E5	5	154
22	21	121/2	121/2	0.75	0	0	3/4	1	1	3/16		1/8	3/2		5	83	B5	5	154
22	21	121/2	121/2	0.75	0	0	3/4	1	1	3/16		1/8	3/2		4	88	E6	6	154
22	21	245/4	245/4	0.25	3/16	3/16	3/4	2	1	1/16		1/16	1		4	52	E3	3	159
22	21	245/4	245/4	0.25	3/16	3/16	3/4	2	1	1/16		1/16	1		13	55	F##3	3	159
22	21	245/4	245/4	0.25	3/16	3/16	3/4	2	1	1/16		1/16	1		7	61	C#4	4	159
22	21	245/4	245/4	0.25	3/16	3/16	3/4	2	1	1/16		1/16	1		4	64	E4	4	159
22	21	245/4	245/4	0.25	3/16	3/16	3/4	1	1	1/16		1/16	1		4	76	E5	5	155
22	21	245/4	245/4	0.25	3/16	3/16	3/4	1	1	1/16		1/16	1		10	82	A#5	5	155
22	21	245/4	245/4	0.25	3/16	3/16	3/4	1	1	1/16		1/16	1		4	88	E6	6	155
22	21	123/2	123/2	1.0	1/4	1/4	3/4	2	1	1/4		1/4	1		4	52	E3	3	160
22	21	123/2	123/2	1.0	1/4	1/4	3/4	2	1	1/4		1/4	1		8	56	G#3	3	160
22	21	123/2	123/2	1.0	1/4	1/4	3/4	2	1	1/4		1/4	1		2	62	D4	4	160
22	21	123/2	123/2	1.0	1/4	1/4	3/4	2	1	1/4		1/4	1		4	64	E4	4	160
22	21	123/2	123/2	1.5	1/4	1/4	3/4	1	1	3/8		1/4	3/2		4	76	E5	5	156
22	21	123/2	123/2	1.5	1/4	1/4	3/4	1	1	3/8		1/4	3/2		5	83	B5	5	156
22	21	123/2	123/2	1.5	1/4	1/4	3/4	1	1	3/8		1/4	3/2		4	88	E6	6	156
22	21	63	63	0.5	5/8	5/8	3/4	1	1	1/8		1/8	1		4	76	E5	5	157
23	22	127/2	127/2	1.0	0	0	3/4	2	1	1/4		1/4	1		3	45	A2	2	165
23	22	127/2	127/2	0.75	0	0	3/4	1	1	3/16		1/8	3/2		2	74	D5	5	161
23	22	127/2	127/2	0.75	0	0	3/4	1	1	3/16		1/8	3/2		6	78	F#5	5	161
23	22	257/4	257/4	0.25	3/16	3/16	3/4	1	1	1/16		1/16	1		7	73	C#5	5	162
23	22	257/4	257/4	0.25	3/16	3/16	3/4	1	1	1/16		1/16	1		4	76	E5	5	162
23	22	129/2	129/2	1.0	1/4	1/4	3/4	2	1	1/4		1/4	1		3	57	A3	3	166
23	22	129/2	129/2	1.0	1/4	1/4	3/4	2	1	1/4		1/4	1		7	61	C#4	4	166
23	22	129/2	129/2	1.0	1/4	1/4	3/4	2	1	1/4		1/4	1		4	64	E4	4	166
23	22	129/2	129/2	1.0	1/4	1/4	3/4	1	1	1/4		1/4	1		12	72	B#4	4	163
23	22	129/2	129/2	1.0	1/4	1/4	3/4	1	1	1/4		1/4	1		9	75	D#5	5	163
23	22	131/2	131/2	1.0	1/2	1/2	3/4	2	1	1/4		1/4	1		3	57	A3	3	167
23	22	131/2	131/2	1.0	1/2	1/2	3/4	2	1	1/4		1/4	1		7	61	C#4	4	167
23	22	131/2	131/2	1.0	1/2	1/2	3/4	2	1	1/4		1/4	1		4	64	E4	4	167
23	22	131/2	131/2	1.0	1/2	1/2	3/4	1	1	1/4		1/4	1		7	73	C#5	5	164
23	22	131/2	131/2	1.0	1/2	1/2	3/4	1	1	1/4		1/4	1		4	76	E5	5	164
24	23	133/2	133/2	1.0	0	0	3/4	2	1	1/4		1/4	1		2	50	D3	3	175
24	23	133/2	133/2	0.5	0	0	3/4	1	1	1/8		1/8	1		2	74	D5	5	168
24	23	133/2	133/2	0.5	0	0	3/4	1	1	1/8		1/8	1		6	78	F#5	5	168
24	23	269/4	269/4	0.25	3/16	3/16	3/4	1	1	1/16		1/16	1		4	76	E5	5	169
24	23	269/4	269/4	0.25	3/16	3/16	3/4	1	1	1/16		1/16	1		8	80	G#5	5	169
24	23	135/2	135/2	0.0	1/4	1/4	3/4	1	1	0	grace16	1/16	1		3	81	A5	5	170
24	23	135/2	135/2	0.0	1/4	1/4	3/4	1	1	0	grace16	1/16	1		5	83	B5	5	171
24	23	135/2	135/2	1.0	1/4	1/4	3/4	2	1	1/4		1/4	1		3	57	A3	3	176
24	23	135/2	135/2	1.0	1/4	1/4	3/4	2	1	1/4		1/4	1		2	62	D4	4	176
24	23	135/2	135/2	1.0	1/4	1/4	3/4	2	1	1/4		1/4	1		6	66	F#4	4	176
24	23	135/2	135/2	1.0	1/4	1/4	3/4	1	1	1/4		1/4	1		6	78	F#5	5	172
24	23	135/2	135/2	1.0	1/4	1/4	3/4	1	1	1/4		1/4	1		3	81	A5	5	172
24	23	137/2	137/2	1.0	1/2	1/2	3/4	2	1	1/4		1/4	1		3	57	A3	3	177
24	23	137/2	137/2	1.0	1/2	1/2	3/4	2	1	1/4		1/4	1		2	62	D4	4	177
24	23	137/2	137/2	1.0	1/2	1/2	3/4	2	1	1/4		1/4	1		6	66	F#4	4	177
24	23	137/2	137/2	0.5	1/2	1/2	3/4	1	1	1/8		1/8	1		4	76	E5	5	173
24	23	137/2	137/2	0.5	1/2	1/2	3/4	1	1	1/8		1/8	1		8	80	G#5	5	173
24	23	69	69	0.5	5/8	5/8	3/4	1	1	1/8		1/8	1		2	74	D5	5	174
24	23	69	69	0.5	5/8	5/8	3/4	1	1	1/8		1/8	1		6	78	F#5	5	174
25	24	139/2	139/2	1.0	0	0	3/4	2	1	1/4		1/4	1		3	45	A2	2	182
25	24	139/2	139/2	0.5	0	0	3/4	1	1	1/8		1/8	1		7	73	C#5	5	178
25	24	139/2	139/2	0.5	0	0	3/4	1	1	1/8		1/8	1		4	76	E5	5	178
25	24	281/4	281/4	0.25	3/16	3/16	3/4	1	1	1/16		1/16	1		4	76	E5	5	179
25	24	281/4	281/4	0.25	3/16	3/16	3/4	1	1	1/16		1/16	1		3	81	A5	5	179
25	24	141/2	141/2	1.0	1/4	1/4	3/4	2	1	1/4		1/4	1		3	57	A3	3	183
25	24	141/2	141/2	1.0	1/4	1/4	3/4	2	1	1/4		1/4	1		7	61	C#4	4	183
25	24	141/2	141/2	1.0	1/4	1/4	3/4	2	1	1/4		1/4	1		4	64	E4	4	183
25	24	141/2	141/2	1.0	1/4	1/4	3/4	1	1	1/4		1/4	1		3	81	A5	5	180
25	24	141/2	141/2	1.0	1/4	1/4	3/4	1	1	1/4		1/4	1		7	85	C#6	6	180
25	24	143/2	143/2	1.0	1/2	1/2	3/4	2	1	1/4		1/4	1		3	45	A2	2	184
25	24	143/2	143/2	1.0	1/2	1/2	3/4	1	1	1/4		1/4	1		6	78	F#5	5	181
25	24	143/2	143/2	1.0	1/2	1/2	3/4	1	1	1/4		1/4	1		6	90	F#6	6	181
26	25	145/2	145/2	0.75	0	0	3/4	2	1	3/16		1/8	3/2		4	52	E3	3	189
26	25	145/2	145/2	0.75	0	0	3/4	2	1	3/16		1/8	3/2		8	56	G#3	3	189
26	25	145/2	145/2	0.75	0	0	3/4	2	1	3/16		1/8	3/2		2	62	D4	4	189
26	25	145/2	145/2	0.75	0	0	3/4	2	1	3/16		1/8	3/2		4	64	E4	4	189
26	25	145/2	145/2	0.75	0	0	3/4	1	1	3/16		1/8	3/2		4	76	E5	5	185
26	25	145/2	145/2	0.75	0	0	3/4	1	1	3/16		1/8	3/2		5	83	B5	5	185
26	25	145/2	145/2	0.75	0	0	3/4	1	1	3/16		1/8	3/2		4	88	E6	6	185
26	25	293/4	293/4	0.25	3/16	3/16	3/4	2	1	1/16		1/16	1		4	52	E3	3	190
26	25	293/4	293/4	0.25	3/16	3/16	3/4	2	1	1/16		1/16	1		13	55	F##3	3	190
26	25	293/4	293/4	0.25	3/16	3/16	3/4	2	1	1/16		1/16	1		7	61	C#4	4	190
26	25	293/4	293/4	0.25	3/16	3/16	3/4	2	1	1/16		1/16	1		4	64	E4	4	190
26	25	293/4	293/4	0.25	3/16	3/16	3/4	1	1	1/16		1/16	1		4	76	E5	5	186
26	25	293/4	293/4	0.25	3/16	3/16	3/4	1	1	1/16		1/16	1		10	82	A#5	5	186
26	25	293/4	293/4	0.25	3/16	3/16	3/4	1	1	1/16		1/16	1		4	88	E6	6	186
26	25	147/2	147/2	1.0	1/4	1/4	3/4	2	1	1/4		1/4	1		4	52	E3	3	191
26	25	147/2	147/2	1.0	1/4	1/4	3/4	2	1	1/4		1/4	1		8	56	G#3	3	191
26	25	147/2	147/2	1.0	1/4	1/4	3/4	2	1	1/4		1/4	1		2	62	D4	4	191
26	25	147/2	147/2	1.0	1/4	1/4	3/4	2	1	1/4		1/4	1		4	64	E4	4	191
26	25	147/2	147/2	1.5	1/4	1/4	3/4	1	1	3/8		1/4	3/2		4	76	E5	5	187
26	25	147/2	147/2	1.5	1/4	1/4	3/4	1	1	3/8		1/4	3/2		5	83	B5	5	187
26	25	147/2	147/2	1.5	1/4	1/4	3/4	1	1	3/8		1/4	3/2		4	88	E6	6	187
26	25	75	75	0.5	5/8	5/8	3/4	1	1	1/8		1/8	1		4	76	E5	5	188
27	26	151/2	151/2	1.0	0	0	3/4	2	1	1/4		1/4	1		3	45	A2	2	196
27	26	151/2	151/2	0.75	0	0	3/4	1	1	3/16		1/8	3/2		2	74	D5	5	192
27	26	151/2	151/2	0.75	0	0	3/4	1	1	3/16		1/8	3/2		6	78	F#5	5	192
27	26	305/4	305/4	0.25	3/16	3/16	3/4	1	1	1/16		1/16	1		7	73	C#5	5	193
27	26	305/4	305/4	0.25	3/16	3/16	3/4	1	1	1/16		1/16	1		4	76	E5	5	193
27	26	153/2	153/2	1.0	1/4	1/4	3/4	2	1	1/4		1/4	1		3	57	A3	3	197
27	26	153/2	153/2	1.0	1/4	1/4	3/4	2	1	1/4		1/4	1		7	61	C#4	4	197
27	26	153/2	153/2	1.0	1/4	1/4	3/4	2	1	1/4		1/4	1		4	64	E4	4	197
27	26	153/2	153/2	1.0	1/4	1/4	3/4	1	1	1/4		1/4	1		12	72	B#4	4	194
27	26	153/2	153/2	1.0	1/4	1/4	3/4	1	1	1/4		1/4	1		9	75	D#5	5	194
27	26	155/2	155/2	1.0	1/2	1/2	3/4	2	1	1/4		1/4	1		3	57	A3	3	198
27	26	155/2	155/2	1.0	1/2	1/2	3/4	2	1	1/4		1/4	1		7	61	C#4	4	198
27	26	155/2	155/2	1.0	1/2	1/2	3/4	2	1	1/4		1/4	1		4	64	E4	4	198
27	26	155/2	155/2	1.0	1/2	1/2	3/4	1	1	1/4		1/4	1		7	73	C#5	5	195
27	26	155/2	155/2	1.0	1/2	1/2	3/4	1	1	1/4		1/4	1		4	76	E5	5	195
28	27	157/2	157/2	1.0	0	0	3/4	2	1	1/4		1/4	1		3	45	A2	2	208
28	27	157/2	157/2	2.0	0	0	3/4	1	2	1/2		1/2	1		7	73	C#5	5	206
28	27	157/2	157/2	0.5	0	0	3/4	1	1	1/8		1/8	1		6	78	F#5	5	199
28	27	317/4	317/4	0.25	3/16	3/16	3/4	1	1	1/16		1/16	1		8	80	G#5	5	200
28	27	159/2	159/2	1.0	1/4	1/4	3/4	2	1	1/4		1/4	1		3	57	A3	3	209
28	27	159/2	159/2	1.0	1/4	1/4	3/4	2	1	1/4		1/4	1		7	61	C#4	4	209
28	27	159/2	159/2	1.0	1/4	1/4	3/4	2	1	1/4		1/4	1		6	66	F#4	4	209
28	27	159/2	159/2	0.3333333333333333	1/4	1/4	3/4	1	1	1/12		1/8	2/3		3	81	A5	5	201
28	27	479/6	479/6	0.3333333333333333	1/3	1/3	3/4	1	1	1/12		1/8	2/3		5	83	B5	5	202
28	27	481/6	481/6	0.3333333333333333	5/12	5/12	3/4	1	1	1/12		1/8	2/3		3	81	A5	5	203
28	27	161/2	161/2	1.0	1/2	1/2	3/4	2	1	1/4		1/4	1		5	47	B2	2	210
28	27	161/2	161/2	1.0	1/2	1/2	3/4	2	1	1/4		1/4	1		5	59	B3	3	210
28	27	161/2	161/2	1.0	1/2	1/2	3/4	1	2	1/4		1/4	1		9	75	D#5	5	207
28	27	161/2	161/2	0.5	1/2	1/2	3/4	1	1	1/8		1/8	1		8	80	G#5	5	204
28	27	81	81	0.5	5/8	5/8	3/4	1	1	1/8		1/8	1		6	78	F#5	5	205
29	28	163/2	163/2	1.0	0	0	3/4	2	1	1/4		1/4	1		4	40	E2	2	215
29	28	163/2	163/2	1.0	0	0	3/4	2	1	1/4		1/4	1		4	52	E3	3	215
29	28	163/2	163/2	0.5	0	0	3/4	1	1	1/8		1/8	1		4	76	E5	5	211
29	28	163/2	163/2	0.5	0	0	3/4	1	1	1/8		1/8	1		8	80	G#5	5	211
29	28	329/4	329/4	0.25	3/16	3/16	3/4	1	1	1/16		1/16	1		8	80	G#5	5	212
29	28	329/4	329/4	0.25	3/16	3/16	3/4	1	1	1/16		1/16	1		5	83	B5	5	212
29	28	165/2	165/2	1.0	1/4	1/4	3/4	2	1	1/4		1/4	1		8	56	G#3	3	216
29	28	165/2	165/2	1.0	1/4	1/4	3/4	2	1	1/4		1/4	1		5	59	B3	3	216
29	28	165/2	165/2	1.0	1/4	1/4	3/4	2	1	1/4		1/4	1		4	64	E4	4	216
29	28	165/2	165/2	1.0	1/4	1/4	3/4	1	1	1/4		1/4	1		5	83	B5	5	213
29	28	165/2	165/2	1.0	1/4	1/4	3/4	1	1	1/4		1/4	1		4	88	E6	6	213
29	28	167/2	167/2	1.0	1/2	1/2	3/4	2	1	1/4		1/4	1		8	56	G#3	3	217
29	28	167/2	167/2	1.0	1/2	1/2	3/4	2	1	1/4		1/4	1		5	59	B3	3	217
29	28	167/2	167/2	1.0	1/2	1/2	3/4	2	1	1/4		1/4	1		4	64	E4	4	217
29	28	167/2	167/2	1.0	1/2	1/2	3/4	1	1	1/4		1/4	1		4	88	E6	6	214
29	28	167/2	167/2	1.0	1/2	1/2	3/4	1	1	1/4		1/4	1		8	92	G#6	6	214
30	29	169/2	169/2	0.75	0	0	3/4	2	1	3/16		1/8	3/2		4	52	E3	3	222
30	29	169/2	169/2	0.75	0	0	3/4	2	1	3/16		1/8	3/2		8	56	G#3	3	222
30	29	169/2	169/2	0.75	0	0	3/4	2	1	3/16		1/8	3/2		2	62	D4	4	222
30	29	169/2	169/2	0.75	0	0	3/4	2	1	3/16		1/8	3/2		4	64	E4	4	222
30	29	169/2	169/2	0.75	0	0	3/4	1	1	3/16		1/8	3/2		4	76	E5	5	218
30	29	169/2	169/2	0.75	0	0	3/4	1	1	3/16		1/8	3/2		5	83	B5	5	218
30	29	169/2	169/2	0.75	0	0	3/4	1	1	3/16		1/8	3/2		2	86	D6	6	218
30	29	169/2	169/2	0.75	0	0	3/4	1	1	3/16		1/8	3/2		4	88	E6	6	218
30	29	341/4	341/4	0.25	3/16	3/16	3/4	2	1	1/16		1/16	1		4	52	E3	3	223
30	29	341/4	341/4	0.25	3/16	3/16	3/4	2	1	1/16		1/16	1		13	55	F##3	3	223
30	29	341/4	341/4	0.25	3/16	3/16	3/4	2	1	1/16		1/16	1		7	61	C#4	4	223
30	29	341/4	341/4	0.25	3/16	3/16	3/4	2	1	1/16		1/16	1		4	64	E4	4	223
30	29	341/4	341/4	0.25	3/16	3/16	3/4	1	1	1/16		1/16	1		4	76	E5	5	219
30	29	341/4	341/4	0.25	3/16	3/16	3/4	1	1	1/16		1/16	1		10	82	A#5	5	219
30	29	341/4	341/4	0.25	3/16	3/16	3/4	1	1	1/16		1/16	1		7	85	C#6	6	219
30	29	341/4	341/4	0.25	3/16	3/16	3/4	1	1	1/16		1/16	1		4	88	E6	6	219
30	29	171/2	171/2	1.0	1/4	1/4	3/4	2	1	1/4		1/4	1		4	52	E3	3	224
30	29	171/2	171/2	1.0	1/4	1/4	3/4	2	1	1/4		1/4	1		8	56	G#3	3	224
30	29	171/2	171/2	1.0	1/4	1/4	3/4	2	1	1/4		1/4	1		2	62	D4	4	224
30	29	171/2	171/2	1.0	1/4	1/4	3/4	2	1	1/4		1/4	1		4	64	E4	4	224
30	29	171/2	171/2	1.0	1/4	1/4	3/4	1	1	1/4		1/4	1		4	76	E5	5	220
30	29	171/2	171/2	1.0	1/4	1/4	3/4	1	1	1/4		1/4	1		5	83	B5	5	220
30	29	171/2	171/2	1.0	1/4	1/4	3/4	1	1	1/4		1/4	1		2	86	D6	6	220
30	29	171/2	171/2	1.0	1/4	1/4	3/4	1	1	1/4		1/4	1		4	88	E6	6	220
30	29	87	87	0.5	5/8	5/8	3/4	1	1	1/8		1/8	1		7	73	C#5	5	221
30	29	87	87	0.5	5/8	5/8	3/4	1	1	1/8		1/8	1		4	76	E5	5	221
31	30	175/2	175/2	1.0	0	0	3/4	2	1	1/4		1/4	1		3	45	A2	2	229
31	30	175/2	175/2	0.5	0	0	3/4	1	1	1/8		1/8	1		2	74	D5	5	225
31	30	175/2	175/2	0.5	0	0	3/4	1	1	1/8		1/8	1		6	78	F#5	5	225
31	30	353/4	353/4	0.25	3/16	3/16	3/4	1	1	1/16		1/16	1		7	73	C#5	5	226
31	30	353/4	353/4	0.25	3/16	3/16	3/4	1	1	1/16		1/16	1		4	76	E5	5	226
31	30	177/2	177/2	1.0	1/4	1/4	3/4	2	1	1/4		1/4	1		3	57	A3	3	230
31	30	177/2	177/2	1.0	1/4	1/4	3/4	2	1	1/4		1/4	1		7	61	C#4	4	230
31	30	177/2	177/2	1.0	1/4	1/4	3/4	2	1	1/4		1/4	1		4	64	E4	4	230
31	30	177/2	177/2	1.0	1/4	1/4	3/4	1	1	1/4		1/4	1		12	72	B#4	4	227
31	30	177/2	177/2	1.0	1/4	1/4	3/4	1	1	1/4		1/4	1		9	75	D#5	5	227
31	30	179/2	179/2	1.0	1/2	1/2	3/4	2	1	1/4		1/4	1		3	57	A3	3	231
31	30	179/2	179/2	1.0	1/2	1/2	3/4	2	1	1/4		1/4	1		7	61	C#4	4	231
31	30	179/2	179/2	1.0	1/2	1/2	3/4	2	1	1/4		1/4	1		4	64	E4	4	231
31	30	179/2	179/2	1.0	1/2	1/2	3/4	1	1	1/4		1/4	1		7	73	C#5	5	228
31	30	179/2	179/2	1.0	1/2	1/2	3/4	1	1	1/4		1/4	1		4	76	E5	5	228
32	31	181/2	181/2	1.0	0	0	3/4	2	1	1/4		1/4	1		2	50	D3	3	239
32	31	181/2	181/2	0.5	0	0	3/4	1	1	1/8		1/8	1		2	74	D5	5	232
32	31	181/2	181/2	0.5	0	0	3/4	1	1	1/8		1/8	1		6	78	F#5	5	232
32	31	365/4	365/4	0.25	3/16	3/16	3/4	1	1	1/16		1/16	1		4	76	E5	5	233
32	31	365/4	365/4	0.25	3/16	3/16	3/4	1	1	1/16		1/16	1		8	80	G#5	5	233
32	31	183/2	183/2	0.0	1/4	1/4	3/4	1	1	0	grace16	1/16	1		3	81	A5	5	234
32	31	183/2	183/2	0.0	1/4	1/4	3/4	1	1	0	grace16	1/16	1		5	83	B5	5	235
32	31	183/2	183/2	1.0	1/4	1/4	3/4	2	1	1/4		1/4	1		3	57	A3	3	240
32	31	183/2	183/2	1.0	1/4	1/4	3/4	2	1	1/4		1/4	1		2	62	D4	4	240
32	31	183/2	183/2	1.0	1/4	1/4	3/4	2	1	1/4		1/4	1		6	66	F#4	4	240
32	31	183/2	183/2	1.0	1/4	1/4	3/4	1	1	1/4		1/4	1		6	78	F#5	5	236
32	31	183/2	183/2	1.0	1/4	1/4	3/4	1	1	1/4		1/4	1		3	81	A5	5	236
32	31	185/2	185/2	1.0	1/2	1/2	3/4	2	1	1/4		1/4	1		3	57	A3	3	241
32	31	185/2	185/2	1.0	1/2	1/2	3/4	2	1	1/4		1/4	1		2	62	D4	4	241
32	31	185/2	185/2	1.0	1/2	1/2	3/4	2	1	1/4		1/4	1		6	66	F#4	4	241
32	31	185/2	185/2	0.5	1/2	1/2	3/4	1	1	1/8		1/8	1		4	76	E5	5	237
32	31	185/2	185/2	0.5	1/2	1/2	3/4	1	1	1/8		1/8	1		8	80	G#5	5	237
32	31	93	93	0.5	5/8	5/8	3/4	1	1	1/8		1/8	1		2	74	D5	5	238
32	31	93	93	0.5	5/8	5/8	3/4	1	1	1/8		1/8	1		6	78	F#5	5	238
33	32	187/2	187/2	1.0	0	0	3/4	2	1	1/4		1/4	1		3	45	A2	2	246
33	32	187/2	187/2	0.5	0	0	3/4	1	1	1/8		1/8	1		7	73	C#5	5	242
33	32	187/2	187/2	0.5	0	0	3/4	1	1	1/8		1/8	1		4	76	E5	5	242
33	32	377/4	377/4	0.25	3/16	3/16	3/4	1	1	1/16		1/16	1		4	76	E5	5	243
33	32	377/4	377/4	0.25	3/16	3/16	3/4	1	1	1/16		1/16	1		3	81	A5	5	243
33	32	189/2	189/2	1.0	1/4	1/4	3/4	2	1	1/4		1/4	1		3	57	A3	3	247
33	32	189/2	189/2	1.0	1/4	1/4	3/4	2	1	1/4		1/4	1		7	61	C#4	4	247
33	32	189/2	189/2	1.0	1/4	1/4	3/4	2	1	1/4		1/4	1		4	64	E4	4	247
33	32	189/2	189/2	1.0	1/4	1/4	3/4	1	1	1/4		1/4	1		3	81	A5	5	244
33	32	189/2	189/2	1.0	1/4	1/4	3/4	1	1	1/4		1/4	1		7	85	C#6	6	244
33	32	191/2	191/2	1.0	1/2	1/2	3/4	2	1	1/4		1/4	1		3	45	A2	2	248
33	32	191/2	191/2	1.0	1/2	1/2	3/4	1	1	1/4		1/4	1		6	78	F#5	5	245
33	32	191/2	191/2	1.0	1/2	1/2	3/4	1	1	1/4		1/4	1		6	90	F#6	6	245
34	33	193/2	193/2	0.75	0	0	3/4	2	1	3/16		1/8	3/2		4	52	E3	3	253
34	33	193/2	193/2	0.75	0	0	3/4	2	1	3/16		1/8	3/2		8	56	G#3	3	253
34	33	193/2	193/2	0.75	0	0	3/4	2	1	3/16		1/8	3/2		2	62	D4	4	253
34	33	193/2	193/2	0.75	0	0	3/4	2	1	3/16		1/8	3/2		4	64	E4	4	253
34	33	193/2	193/2	0.75	0	0	3/4	1	1	3/16		1/8	3/2		4	76	E5	5	249
34	33	193/2	193/2	0.75	0	0	3/4	1	1	3/16		1/8	3/2		5	83	B5	5	249
34	33	193/2	193/2	0.75	0	0	3/4	1	1	3/16		1/8	3/2		2	86	D6	6	249
34	33	193/2	193/2	0.75	0	0	3/4	1	1	3/16		1/8	3/2		4	88	E6	6	249
34	33	389/4	389/4	0.25	3/16	3/16	3/4	2	1	1/16		1/16	1		4	52	E3	3	254
34	33	389/4	389/4	0.25	3/16	3/16	3/4	2	1	1/16		1/16	1		13	55	F##3	3	254
34	33	389/4	389/4	0.25	3/16	3/16	3/4	2	1	1/16		1/16	1		7	61	C#4	4	254
34	33	389/4	389/4	0.25	3/16	3/16	3/4	2	1	1/16		1/16	1		4	64	E4	4	254
34	33	389/4	389/4	0.25	3/16	3/16	3/4	1	1	1/16		1/16	1		4	76	E5	5	250
34	33	389/4	389/4	0.25	3/16	3/16	3/4	1	1	1/16		1/16	1		10	82	A#5	5	250
34	33	389/4	389/4	0.25	3/16	3/16	3/4	1	1	1/16		1/16	1		7	85	C#6	6	250
34	33	389/4	389/4	0.25	3/16	3/16	3/4	1	1	1/16		1/16	1		4	88	E6	6	250
34	33	195/2	195/2	1.0	1/4	1/4	3/4	2	1	1/4		1/4	1		4	52	E3	3	255
34	33	195/2	195/2	1.0	1/4	1/4	3/4	2	1	1/4		1/4	1		8	56	G#3	3	255
34	33	195/2	195/2	1.0	1/4	1/4	3/4	2	1	1/4		1/4	1		2	62	D4	4	255
34	33	195/2	195/2	1.0	1/4	1/4	3/4	2	1	1/4		1/4	1		4	64	E4	4	255
34	33	195/2	195/2	1.0	1/4	1/4	3/4	1	1	1/4		1/4	1		4	76	E5	5	251
34	33	195/2	195/2	1.0	1/4	1/4	3/4	1	1	1/4		1/4	1		5	83	B5	5	251
34	33	195/2	195/2	1.0	1/4	1/4	3/4	1	1	1/4		1/4	1		2	86	D6	6	251
34	33	195/2	195/2	1.0	1/4	1/4	3/4	1	1	1/4		1/4	1		4	88	E6	6	251
34	33	99	99	0.5	5/8	5/8	3/4	1	1	1/8		1/8	1		7	73	C#5	5	252
34	33	99	99	0.5	5/8	5/8	3/4	1	1	1/8		1/8	1		4	76	E5	5	252
35	34	199/2	199/2	1.0	0	0	3/4	2	1	1/4		1/4	1		3	45	A2	2	260
35	34	199/2	199/2	0.75	0	0	3/4	1	1	3/16		1/8	3/2		2	74	D5	5	256
35	34	199/2	199/2	0.75	0	0	3/4	1	1	3/16		1/8	3/2		6	78	F#5	5	256
35	34	401/4	401/4	0.25	3/16	3/16	3/4	1	1	1/16		1/16	1		7	73	C#5	5	257
35	34	401/4	401/4	0.25	3/16	3/16	3/4	1	1	1/16		1/16	1		4	76	E5	5	257
35	34	201/2	201/2	1.0	1/4	1/4	3/4	2	1	1/4		1/4	1		3	57	A3	3	261
35	34	201/2	201/2	1.0	1/4	1/4	3/4	2	1	1/4		1/4	1		7	61	C#4	4	261
35	34	201/2	201/2	1.0	1/4	1/4	3/4	2	1	1/4		1/4	1		4	64	E4	4	261
35	34	201/2	201/2	1.0	1/4	1/4	3/4	1	1	1/4		1/4	1		12	72	B#4	4	258
35	34	201/2	201/2	1.0	1/4	1/4	3/4	1	1	1/4		1/4	1		9	75	D#5	5	258
35	34	203/2	203/2	1.0	1/2	1/2	3/4	2	1	1/4		1/4	1		3	57	A3	3	262
35	34	203/2	203/2	1.0	1/2	1/2	3/4	2	1	1/4		1/4	1		7	61	C#4	4	262
35	34	203/2	203/2	1.0	1/2	1/2	3/4	2	1	1/4		1/4	1		4	64	E4	4	262
35	34	203/2	203/2	1.0	1/2	1/2	3/4	1	1	1/4		1/4	1		7	73	C#5	5	259
35	34	203/2	203/2	1.0	1/2	1/2	3/4	1	1	1/4		1/4	1		4	76	E5	5	259
36	35	205/2	205/2	1.0	0	0	3/4	2	1	1/4		1/4	1		4	40	E2	2	268
36	35	205/2	205/2	0.5	0	0	3/4	1	1	1/8		1/8	1		4	76	E5	5	263
36	35	205/2	205/2	0.5	0	0	3/4	1	1	1/8		1/8	1		8	80	G#5	5	263
36	35	413/4	413/4	0.25	3/16	3/16	3/4	1	1	1/16		1/16	1		2	74	D5	5	264
36	35	413/4	413/4	0.25	3/16	3/16	3/4	1	1	1/16		1/16	1		6	78	F#5	5	264
36	35	207/2	207/2	1.0	1/4	1/4	3/4	2	1	1/4		1/4	1		4	52	E3	3	269
36	35	207/2	207/2	1.0	1/4	1/4	3/4	2	1	1/4		1/4	1		8	56	G#3	3	269
36	35	207/2	207/2	1.0	1/4	1/4	3/4	2	1	1/4		1/4	1		2	62	D4	4	269
36	35	207/2	207/2	1.0	1/4	1/4	3/4	1	1	1/4		1/4	1		7	73	C#5	5	265
36	35	207/2	207/2	1.0	1/4	1/4	3/4	1	1	1/4		1/4	1		4	76	E5	5	265
36	35	209/2	209/2	0.5	1/2	1/2	3/4	1	1	1/8		1/8	1		5	71	B4	4	266
36	35	209/2	209/2	0.5	1/2	1/2	3/4	1	1	1/8		1/8	1		2	74	D5	5	266
36	35	105	105	0.5	5/8	5/8	3/4	1	1	1/8		1/8	1		4	64	E4	4	267
36	35	105	105	0.5	5/8	5/8	3/4	1	1	1/8		1/8	1		5	71	B4	4	267
37	36	211/2	211/2	0.0	0	0	3/4	1	2	0	acciaccatura	1/8	1		7	61	C#4	4	275
37	36	211/2	211/2	1.0	0	0	3/4	2	1	1/4		1/4	1		3	45	A2	2	278
37	36	211/2	211/2	1.0	0	0	3/4	1	2	1/4		1/4	1		3	69	A4	4	276
37	36	425/4	425/4	0.25	3/16	3/16	3/4	1	1	1/16		1/16	1		5	83	B5	5	270
37	36	213/2	213/2	1.0	1/4	1/4	3/4	2	1	1/4		1/4	1		4	52	E3	3	279
37	36	213/2	213/2	1.0	1/4	1/4	3/4	2	1	1/4		1/4	1		7	61	C#4	4	279
37	36	213/2	213/2	2.0	1/4	1/4	3/4	1	2	1/2		1/2	1	1	3	69	A4	4	277
37	36	213/2	213/2	0.5	1/4	1/4	3/4	1	1	1/8		1/8	1		3	81	A5	5	271
37	36	107	107	0.5	3/8	3/8	3/4	1	1	1/8		1/8	1		8	80	G#5	5	272
37	36	215/2	215/2	0.5	1/2	1/2	3/4	1	1	1/8		1/8	1		1	79	G5	5	273
37	36	108	108	0.5	5/8	5/8	3/4	1	1	1/8		1/8	1		6	78	F#5	5	274
38	37	217/2	217/2	1.0	0	0	3/4	2	1	1/4		1/4	1		3	45	A2	2	285
38	37	217/2	217/2	0.5	0	0	3/4	1	2	1/8		1/8	1	-1	3	69	A4	4	284
38	37	217/2	217/2	0.5	0	0	3/4	1	1	1/8		1/8	1		3	81	A5	5	280
38	37	219/2	219/2	1.0	1/4	1/4	3/4	2	1	1/4		1/4	1		3	57	A3	3	286
38	37	219/2	219/2	1.0	1/4	1/4	3/4	2	1	1/4		1/4	1		7	61	C#4	4	286
38	37	219/2	219/2	1.0	1/4	1/4	3/4	2	1	1/4		1/4	1		1	67	G4	4	286
38	37	219/2	219/2	1.0	1/4	1/4	3/4	1	1	1/4		1/4	1		4	76	E5	5	281
38	37	221/2	221/2	1.0	1/2	1/2	3/4	2	1	1/4		1/4	1		3	57	A3	3	287
38	37	221/2	221/2	1.0	1/2	1/2	3/4	2	1	1/4		1/4	1		7	61	C#4	4	287
38	37	221/2	221/2	1.0	1/2	1/2	3/4	2	1	1/4		1/4	1		1	67	G4	4	287
38	37	221/2	221/2	0.5	1/2	1/2	3/4	1	1	1/8		1/8	1		6	78	F#5	5	282
38	37	111	111	0.5	5/8	5/8	3/4	1	1	1/8		1/8	1		4	76	E5	5	283
39	38	223/2	223/2	1.0	0	0	3/4	2	1	1/4		1/4	1		3	57	A3	3	292
39	38	223/2	223/2	1.0	0	0	3/4	2	1	1/4		1/4	1		12	60	B#3	3	292
39	38	223/2	223/2	1.0	0	0	3/4	2	1	1/4		1/4	1		6	66	F#4	4	292
39	38	223/2	223/2	0.5	0	0	3/4	1	1	1/8		1/8	1		9	75	D#5	5	288
39	38	449/4	449/4	0.25	3/16	3/16	3/4	1	1	1/16		1/16	1		3	69	A4	4	289
39	38	225/2	225/2	1.0	1/4	1/4	3/4	2	1	1/4		1/4	1		3	57	A3	3	293
39	38	225/2	225/2	1.0	1/4	1/4	3/4	2	1	1/4		1/4	1		12	60	B#3	3	293
39	38	225/2	225/2	1.0	1/4	1/4	3/4	2	1	1/4		1/4	1		6	66	F#4	4	293
39	38	225/2	225/2	1.0	1/4	1/4	3/4	1	1	1/4		1/4	1		9	75	D#5	5	290
39	38	227/2	227/2	1.0	1/2	1/2	3/4	2	1	1/4		1/4	1		3	57	A3	3	294
39	38	227/2	227/2	1.0	1/2	1/2	3/4	2	1	1/4		1/4	1		7	61	C#4	4	294
39	38	227/2	227/2	1.0	1/2	1/2	3/4	2	1	1/4		1/4	1		1	67	G4	4	294
39	38	227/2	227/2	1.0	1/2	1/2	3/4	1	1	1/4		1/4	1		3	69	A4	4	291
39	38	227/2	227/2	1.0	1/2	1/2	3/4	1	1	1/4		1/4	1		4	76	E5	5	291
40	39	229/2	229/2	1.0	0	0	3/4	2	1	1/4		1/4	1		3	45	A2	2	300
40	39	229/2	229/2	0.5	0	0	3/4	1	1	1/8		1/8	1		3	69	A4	4	295
40	39	229/2	229/2	0.5	0	0	3/4	1	1	1/8		1/8	1		3	81	A5	5	295
40	39	461/4	461/4	0.25	3/16	3/16	3/4	1	1	1/16		1/16	1		5	83	B5	5	296
40	39	231/2	231/2	1.0	1/4	1/4	3/4	2	1	1/4		1/4	1		3	57	A3	3	301
40	39	231/2	231/2	1.0	1/4	1/4	3/4	2	1	1/4		1/4	1		7	61	C#4	4	301
40	39	231/2	231/2	1.0	1/4	1/4	3/4	2	1	1/4		1/4	1		1	67	G4	4	301
40	39	231/2	231/2	1.0	1/4	1/4	3/4	1	1	1/4		1/4	1		1	79	G5	5	297
40	39	233/2	233/2	1.0	1/2	1/2	3/4	2	1	1/4		1/4	1		3	57	A3	3	302
40	39	233/2	233/2	1.0	1/2	1/2	3/4	2	1	1/4		1/4	1		7	61	C#4	4	302
40	39	233/2	233/2	1.0	1/2	1/2	3/4	2	1	1/4		1/4	1		1	67	G4	4	302
40	39	233/2	233/2	0.5	1/2	1/2	3/4	1	1	1/8		1/8	1		6	78	F#5	5	298
40	39	117	117	0.5	5/8	5/8	3/4	1	1	1/8		1/8	1		4	76	E5	5	299
41	40	235/2	235/2	1.0	0	0	3/4	2	1	1/4		1/4	1		3	57	A3	3	307
41	40	235/2	235/2	1.0	0	0	3/4	2	1	1/4		1/4	1		12	60	B#3	3	307
41	40	235/2	235/2	1.0	0	0	3/4	2	1	1/4		1/4	1		6	66	F#4	4	307
41	40	235/2	235/2	0.5	0	0	3/4	1	1	1/8		1/8	1		9	75	D#5	5	303
41	40	473/4	473/4	0.25	3/16	3/16	3/4	1	1	1/16		1/16	1		3	69	A4	4	304
41	40	237/2	237/2	1.0	1/4	1/4	3/4	2	1	1/4		1/4	1		3	57	A3	3	308
41	40	237/2	237/2	1.0	1/4	1/4	3/4	2	1	1/4		1/4	1		12	60	B#3	3	308
41	40	237/2	237/2	1.0	1/4	1/4	3/4	2	1	1/4		1/4	1		6	66	F#4	4	308
41	40	237/2	237/2	1.0	1/4	1/4	3/4	1	1	1/4		1/4	1		9	75	D#5	5	305
41	40	239/2	239/2	1.0	1/2	1/2	3/4	2	1	1/4		1/4	1		3	57	A3	3	309
41	40	239/2	239/2	1.0	1/2	1/2	3/4	2	1	1/4		1/4	1		7	61	C#4	4	309
41	40	239/2	239/2	1.0	1/2	1/2	3/4	2	1	1/4		1/4	1		1	67	G4	4	309
41	40	239/2	239/2	1.0	1/2	1/2	3/4	1	1	1/4		1/4	1		3	69	A4	4	306
41	40	239/2	239/2	1.0	1/2	1/2	3/4	1	1	1/4		1/4	1		4	76	E5	5	306
42	41	241/2	241/2	0.0	0	0	3/4	1	1	0	acciaccatura	1/8	1		7	73	C#5	5	310
42	41	241/2	241/2	0.5	0	0	3/4	2	1	1/8		1/8	1		10	58	A#3	3	316
42	41	241/2	241/2	0.5	0	0	3/4	2	1	1/8		1/8	1		7	61	C#4	4	316
42	41	241/2	241/2	0.5	0	0	3/4	2	1	1/8		1/8	1		4	64	E4	4	316
42	41	241/2	241/2	0.5	0	0	3/4	2	1	1/8		1/8	1		1	67	G4	4	316
42	41	241/2	241/2	0.75	0	0	3/4	1	1	3/16		1/8	3/2		1	79	G5	5	311
42	41	485/4	485/4	0.25	3/16	3/16	3/4	1	1	1/16		1/16	1		6	78	F#5	5	312
42	41	243/2	243/2	1.0	1/4	1/4	3/4	2	1	1/4		1/4	1		10	58	A#3	3	317
42	41	243/2	243/2	1.0	1/4	1/4	3/4	2	1	1/4		1/4	1		4	64	E4	4	317
42	41	243/2	243/2	1.0	1/4	1/4	3/4	2	1	1/4		1/4	1		6	66	F#4	4	317
42	41	243/2	243/2	1.0	1/4	1/4	3/4	1	1	1/4		1/4	1		7	73	C#5	5	313
42	41	245/2	245/2	1.0	1/2	1/2	3/4	2	1	1/4		1/4	1		10	58	A#3	3	318
42	41	245/2	245/2	1.0	1/2	1/2	3/4	2	1	1/4		1/4	1		4	64	E4	4	318
42	41	245/2	245/2	1.0	1/2	1/2	3/4	2	1	1/4		1/4	1		6	66	F#4	4	318
42	41	245/2	245/2	0.75	1/2	1/2	3/4	1	1	3/16		1/8	3/2		12	72	B#4	4	314
42	41	493/4	493/4	0.25	11/16	11/16	3/4	1	1	1/16		1/16	1		7	73	C#5	5	315
43	42	247/2	247/2	1.0	0	0	3/4	2	1	1/4		1/4	1		5	59	B3	3	324
43	42	247/2	247/2	1.0	0	0	3/4	2	1	1/4		1/4	1		2	62	D4	4	324
43	42	247/2	247/2	1.0	0	0	3/4	2	1	1/4		1/4	1		6	66	F#4	4	324
43	42	247/2	247/2	0.5	0	0	3/4	1	1	1/8		1/8	1		4	76	E5	5	319
43	42	497/4	497/4	0.25	3/16	3/16	3/4	1	1	1/16		1/16	1		2	74	D5	5	320
43	42	249/2	249/2	1.0	1/4	1/4	3/4	2	1	1/4		1/4	1		5	59	B3	3	325
43	42	249/2	249/2	1.0	1/4	1/4	3/4	2	1	1/4		1/4	1		2	62	D4	4	325
43	42	249/2	249/2	1.0	1/4	1/4	3/4	2	1	1/4		1/4	1		6	66	F#4	4	325
43	42	249/2	249/2	1.0	1/4	1/4	3/4	1	1	1/4		1/4	1		5	71	B4	4	321
43	42	251/2	251/2	1.0	1/2	1/2	3/4	2	1	1/4		1/4	1		8	56	G#3	3	326
43	42	251/2	251/2	1.0	1/2	1/2	3/4	2	1	1/4		1/4	1		2	62	D4	4	326
43	42	251/2	251/2	1.0	1/2	1/2	3/4	2	1	1/4		1/4	1		-1	65	F4	4	326
43	42	251/2	251/2	0.5	1/2	1/2	3/4	1	1	1/8		1/8	1		7	73	C#5	5	322
43	42	126	126	0.5	5/8	5/8	3/4	1	1	1/8		1/8	1		5	71	B4	4	323
44	43	253/2	253/2	1.0	0	0	3/4	2	1	1/4		1/4	1		3	57	A3	3	333
44	43	253/2	253/2	1.0	0	0	3/4	2	1	1/4		1/4	1		2	62	D4	4	333
44	43	253/2	253/2	1.0	0	0	3/4	2	1	1/4		1/4	1		4	64	E4	4	333
44	43	253/2	253/2	0.5	0	0	3/4	1	1	1/8		1/8	1		3	69	A4	4	327
44	43	127	127	0.5	1/8	1/8	3/4	1	1	1/8		1/8	1		8	68	G#4	4	328
44	43	255/2	255/2	1.0	1/4	1/4	3/4	2	1	1/4		1/4	1		3	57	A3	3	334
44	43	255/2	255/2	1.0	1/4	1/4	3/4	2	1	1/4		1/4	1		7	61	C#4	4	334
44	43	255/2	255/2	1.0	1/4	1/4	3/4	2	1	1/4		1/4	1		4	64	E4	4	334
44	43	255/2	255/2	0.5	1/4	1/4	3/4	1	1	1/8		1/8	1		3	69	A4	4	329
44	43	128	128	0.5	3/8	3/8	3/4	1	1	1/8		1/8	1		5	83	B5	5	330
44	43	257/2	257/2	1.0	1/2	1/2	3/4	2	1	1/4		1/4	1		3	57	A3	3	335
44	43	257/2	257/2	1.0	1/2	1/2	3/4	2	1	1/4		1/4	1		7	61	C#4	4	335
44	43	257/2	257/2	1.0	1/2	1/2	3/4	2	1	1/4		1/4	1		1	67	G4	4	335
44	43	257/2	257/2	0.5	1/2	1/2	3/4	1	1	1/8		1/8	1		3	81	A5	5	331
44	43	129	129	0.5	5/8	5/8	3/4	1	1	1/8		1/8	1		4	76	E5	5	332
45	44	259/2	259/2	1.0	0	0	3/4	2	1	1/4		1/4	1		2	50	D3	3	340
45	44	259/2	259/2	0.75	0	0	3/4	1	1	3/16		1/8	3/2		1	79	G5	5	336
45	44	521/4	521/4	0.25	3/16	3/16	3/4	1	1	1/16		1/16	1		6	78	F#5	5	337
45	44	261/2	261/2	1.0	1/4	1/4	3/4	2	1	1/4		1/4	1		3	57	A3	3	341
45	44	261/2	261/2	1.0	1/4	1/4	3/4	2	1	1/4		1/4	1		6	66	F#4	4	341
45	44	261/2	261/2	1.0	1/4	1/4	3/4	1	1	1/4		1/4	1		2	74	D5	5	338
45	44	132	132	0.5	5/8	5/8	3/4	1	1	1/8		1/8	1		2	74	D5	5	339
46	45	265/2	265/2	1.0	0	0	3/4	2	1	1/4		1/4	1		1	43	G2	2	346
46	45	265/2	265/2	0.75	0	0	3/4	1	1	3/16		1/8	3/2		5	83	B5	5	342
46	45	265/2	265/2	0.75	0	0	3/4	1	1	3/16		1/8	3/2		2	86	D6	6	342
46	45	533/4	533/4	0.25	3/16	3/16	3/4	1	1	1/16		1/16	1		0	84	C6	6	343
46	45	533/4	533/4	0.25	3/16	3/16	3/4	1	1	1/16		1/16	1		4	88	E6	6	343
46	45	267/2	267/2	1.0	1/4	1/4	3/4	2	1	1/4		1/4	1		2	50	D3	3	347
46	45	267/2	267/2	1.0	1/4	1/4	3/4	2	1	1/4		1/4	1		5	59	B3	3	347
46	45	267/2	267/2	1.5	1/4	1/4	3/4	1	1	3/8		1/4	3/2		1	79	G5	5	344
46	45	267/2	267/2	1.5	1/4	1/4	3/4	1	1	3/8		1/4	3/2		5	83	B5	5	344
46	45	269/2	269/2	1.0	1/2	1/2	3/4	2	1	1/4		1/4	1		2	50	D3	3	348
46	45	269/2	269/2	1.0	1/2	1/2	3/4	2	1	1/4		1/4	1		5	59	B3	3	348
46	45	135	135	0.5	5/8	5/8	3/4	1	1	1/8		1/8	1		3	81	A5	5	345
46	45	135	135	0.5	5/8	5/8	3/4	1	1	1/8		1/8	1		0	84	C6	6	345
47	46	271/2	271/2	1.0	0	0	3/4	2	1	1/4		1/4	1		1	43	G2	2	352
47	46	271/2	271/2	0.5	0	0	3/4	1	1	1/8		1/8	1		0	84	C6	6	349
47	46	271/2	271/2	0.5	0	0	3/4	1	1	1/8		1/8	1		4	88	E6	6	349
47	46	545/4	545/4	0.25	3/16	3/16	3/4	1	1	1/16		1/16	1		5	83	B5	5	350
47	46	545/4	545/4	0.25	3/16	3/16	3/4	1	1	1/16		1/16	1		2	86	D6	6	350
47	46	273/2	273/2	1.0	1/4	1/4	3/4	2	1	1/4		1/4	1		2	50	D3	3	353
47	46	273/2	273/2	1.0	1/4	1/4	3/4	2	1	1/4		1/4	1		5	59	B3	3	353
47	46	273/2	273/2	2.0	1/4	1/4	3/4	1	1	1/2		1/2	1		1	79	G5	5	351
47	46	273/2	273/2	2.0	1/4	1/4	3/4	1	1	1/2		1/2	1		5	83	B5	5	351
47	46	275/2	275/2	1.0	1/2	1/2	3/4	2	1	1/4		1/4	1		2	50	D3	3	354
47	46	275/2	275/2	1.0	1/2	1/2	3/4	2	1	1/4		1/4	1		5	59	B3	3	354
48	47	277/2	277/2	1.0	0	0	3/4	2	1	1/4		1/4	1		1	43	G2	2	359
48	47	277/2	277/2	0.75	0	0	3/4	1	1	3/16		1/8	3/2		5	83	B5	5	355
48	47	277/2	277/2	0.75	0	0	3/4	1	1	3/16		1/8	3/2		2	86	D6	6	355
48	47	557/4	557/4	0.25	3/16	3/16	3/4	1	1	1/16		1/16	1		0	84	C6	6	356
48	47	557/4	557/4	0.25	3/16	3/16	3/4	1	1	1/16		1/16	1		4	88	E6	6	356
48	47	279/2	279/2	1.0	1/4	1/4	3/4	2	1	1/4		1/4	1		2	50	D3	3	360
48	47	279/2	279/2	1.0	1/4	1/4	3/4	2	1	1/4		1/4	1		5	59	B3	3	360
48	47	279/2	279/2	1.5	1/4	1/4	3/4	1	1	3/8		1/4	3/2		1	79	G5	5	357
48	47	279/2	279/2	1.5	1/4	1/4	3/4	1	1	3/8		1/4	3/2		5	83	B5	5	357
48	47	281/2	281/2	1.0	1/2	1/2	3/4	2	1	1/4		1/4	1		2	50	D3	3	361
48	47	281/2	281/2	1.0	1/2	1/2	3/4	2	1	1/4		1/4	1		5	59	B3	3	361
48	47	141	141	0.5	5/8	5/8	3/4	1	1	1/8		1/8	1		3	81	A5	5	358
48	47	141	141	0.5	5/8	5/8	3/4	1	1	1/8		1/8	1		0	84	C6	6	358
49	48	283/2	283/2	1.0	0	0	3/4	2	1	1/4		1/4	1		1	43	G2	2	366
49	48	283/2	283/2	0.5	0	0	3/4	1	1	1/8		1/8	1		0	84	C6	6	362
49	48	283/2	283/2	0.5	0	0	3/4	1	1	1/8		1/8	1		4	88	E6	6	362
49	48	569/4	569/4	0.25	3/16	3/16	3/4	1	1	1/16		1/16	1		5	83	B5	5	363
49	48	569/4	569/4	0.25	3/16	3/16	3/4	1	1	1/16		1/16	1		2	86	D6	6	363
49	48	285/2	285/2	1.0	1/4	1/4	3/4	2	1	1/4		1/4	1		2	50	D3	3	367
49	48	285/2	285/2	1.0	1/4	1/4	3/4	2	1	1/4		1/4	1		5	59	B3	3	367
49	48	285/2	285/2	1.5	1/4	1/4	3/4	1	1	3/8		1/4	3/2		5	83	B5	5	364
49	48	285/2	285/2	1.5	1/4	1/4	3/4	1	1	3/8		1/4	3/2		1	91	G6	6	364
49	48	144	144	0.5	5/8	5/8	3/4	1	1	1/8		1/8	1		5	83	B5	5	365
49	48	144	144	0.5	5/8	5/8	3/4	1	1	1/8		1/8	1		1	91	G6	6	365
50	49	289/2	289/2	1.0	0	0	3/4	2	1	1/4		1/4	1		5	47	B2	2	372
50	49	289/2	289/2	0.75	0	0	3/4	1	1	3/16		1/8	3/2		3	81	A5	5	368
50	49	289/2	289/2	0.75	0	0	3/4	1	1	3/16		1/8	3/2		1	91	G6	6	368
50	49	581/4	581/4	0.25	3/16	3/16	3/4	1	1	1/16		1/16	1		3	81	A5	5	369
50	49	581/4	581/4	0.25	3/16	3/16	3/4	1	1	1/16		1/16	1		6	90	F#6	6	369
50	49	291/2	291/2	1.0	1/4	1/4	3/4	2	1	1/4		1/4	1		6	54	F#3	3	373
50	49	291/2	291/2	1.0	1/4	1/4	3/4	2	1	1/4		1/4	1		5	59	B3	3	373
50	49	291/2	291/2	1.0	1/4	1/4	3/4	2	1	1/4		1/4	1		9	63	D#4	4	373
50	49	291/2	291/2	1.5	1/4	1/4	3/4	1	1	3/8		1/4	3/2		3	81	A5	5	370
50	49	291/2	291/2	1.5	1/4	1/4	3/4	1	1	3/8		1/4	3/2		5	83	B5	5	370
50	49	293/2	293/2	1.0	1/2	1/2	3/4	2	1	1/4		1/4	1		6	54	F#3	3	374
50	49	293/2	293/2	1.0	1/2	1/2	3/4	2	1	1/4		1/4	1		5	59	B3	3	374
50	49	293/2	293/2	1.0	1/2	1/2	3/4	2	1	1/4		1/4	1		9	63	D#4	4	374
50	49	147	147	0.5	5/8	5/8	3/4	1	1	1/8		1/8	1		3	81	A5	5	371
50	49	147	147	0.5	5/8	5/8	3/4	1	1	1/8		1/8	1		6	90	F#6	6	371
51	50	295/2	295/2	1.0	0	0	3/4	2	1	1/4		1/4	1		4	52	E3	3	379
51	50	295/2	295/2	0.75	0	0	3/4	1	1	3/16		1/8	3/2		3	81	A5	5	375
51	50	295/2	295/2	0.75	0	0	3/4	1	1	3/16		1/8	3/2		6	90	F#6	6	375
51	50	593/4	593/4	0.25	3/16	3/16	3/4	1	1	1/16		1/16	1		1	79	G5	5	376
51	50	593/4	593/4	0.25	3/16	3/16	3/4	1	1	1/16		1/16	1		4	88	E6	6	376
51	50	297/2	297/2	1.0	1/4	1/4	3/4	2	1	1/4		1/4	1		1	55	G3	3	380
51	50	297/2	297/2	1.0	1/4	1/4	3/4	2	1	1/4		1/4	1		5	59	B3	3	380
51	50	297/2	297/2	1.0	1/4	1/4	3/4	2	1	1/4		1/4	1		4	64	E4	4	380
51	50	297/2	297/2	1.5	1/4	1/4	3/4	1	1	3/8		1/4	3/2		1	79	G5	5	377
51	50	297/2	297/2	1.5	1/4	1/4	3/4	1	1	3/8		1/4	3/2		5	83	B5	5	377
51	50	299/2	299/2	1.0	1/2	1/2	3/4	2	1	1/4		1/4	1		1	55	G3	3	381
51	50	299/2	299/2	1.0	1/2	1/2	3/4	2	1	1/4		1/4	1		5	59	B3	3	381
51	50	299/2	299/2	1.0	1/2	1/2	3/4	2	1	1/4		1/4	1		4	64	E4	4	381
51	50	150	150	0.5	5/8	5/8	3/4	1	1	1/8		1/8	1		1	79	G5	5	378
51	50	150	150	0.5	5/8	5/8	3/4	1	1	1/8		1/8	1		4	88	E6	6	378
52	51	301/2	301/2	1.0	0	0	3/4	2	1	1/4		1/4	1		2	38	D2	2	386
52	51	301/2	301/2	1.0	0	0	3/4	2	1	1/4		1/4	1		2	50	D3	3	386
52	51	301/2	301/2	1.5	0	0	3/4	1	1	3/8		1/4	3/2		1	79	G5	5	382
52	51	301/2	301/2	1.5	0	0	3/4	1	1	3/8		1/4	3/2		4	88	E6	6	382
52	51	303/2	303/2	1.0	1/4	1/4	3/4	2	1	1/4		1/4	1		3	57	A3	3	387
52	51	303/2	303/2	1.0	1/4	1/4	3/4	2	1	1/4		1/4	1		0	60	C4	4	387
52	51	303/2	303/2	1.0	1/4	1/4	3/4	2	1	1/4		1/4	1		2	62	D4	4	387
52	51	303/2	303/2	1.0	1/4	1/4	3/4	2	1	1/4		1/4	1		6	66	F#4	4	387
52	51	152	152	0.5	3/8	3/8	3/4	1	1	1/8		1/8	1		6	78	F#5	5	383
52	51	152	152	0.5	3/8	3/8	3/4	1	1	1/8		1/8	1		2	86	D6	6	383
52	51	305/2	305/2	1.0	1/2	1/2	3/4	2	1	1/4		1/4	1		3	57	A3	3	388
52	51	305/2	305/2	1.0	1/2	1/2	3/4	2	1	1/4		1/4	1		0	60	C4	4	388
52	51	305/2	305/2	1.0	1/2	1/2	3/4	2	1	1/4		1/4	1		2	62	D4	4	388
52	51	305/2	305/2	1.0	1/2	1/2	3/4	2	1	1/4		1/4	1		6	66	F#4	4	388
52	51	305/2	305/2	0.5	1/2	1/2	3/4	1	1	1/8		1/8	1		4	76	E5	5	384
52	51	305/2	305/2	0.5	1/2	1/2	3/4	1	1	1/8		1/8	1		0	84	C6	6	384
52	51	153	153	0.5	5/8	5/8	3/4	1	1	1/8		1/8	1		0	72	C5	5	385
52	51	153	153	0.5	5/8	5/8	3/4	1	1	1/8		1/8	1		3	81	A5	5	385
53	52	307/2	307/2	1.0	0	0	3/4	2	1	1/4		1/4	1		1	43	G2	2	392
53	52	307/2	307/2	1.0	0	0	3/4	2	1	1/4		1/4	1		1	55	G3	3	392
53	52	307/2	307/2	0.5	0	0	3/4	1	1	1/8		1/8	1		4	76	E5	5	389
53	52	307/2	307/2	0.5	0	0	3/4	1	1	1/8		1/8	1		0	84	C6	6	389
53	52	617/4	617/4	0.25	3/16	3/16	3/4	1	1	1/16		1/16	1		2	74	D5	5	390
53	52	617/4	617/4	0.25	3/16	3/16	3/4	1	1	1/16		1/16	1		5	83	B5	5	390
53	52	309/2	309/2	1.0	1/4	1/4	3/4	2	1	1/4		1/4	1		5	59	B3	3	393
53	52	309/2	309/2	1.0	1/4	1/4	3/4	2	1	1/4		1/4	1		2	62	D4	4	393
53	52	309/2	309/2	1.0	1/4	1/4	3/4	2	1	1/4		1/4	1		1	67	G4	4	393
53	52	309/2	309/2	2.0	1/4	1/4	3/4	1	1	1/2		1/2	1		5	71	B4	4	391
53	52	309/2	309/2	2.0	1/4	1/4	3/4	1	1	1/2		1/2	1		1	79	G5	5	391
53	52	311/2	311/2	1.0	1/2	1/2	3/4	2	1	1/4		1/4	1		5	59	B3	3	394
53	52	311/2	311/2	1.0	1/2	1/2	3/4	2	1	1/4		1/4	1		2	62	D4	4	394
53	52	311/2	311/2	1.0	1/2	1/2	3/4	2	1	1/4		1/4	1		1	67	G4	4	394
54	53	313/2	313/2	1.0	0	0	3/4	2	1	1/4		1/4	1		1	43	G2	2	399
54	53	313/2	313/2	3.0	0	0	3/4	2	2	3/4		1/2	3/2		1	43	G2	2	402
54	53	313/2	313/2	0.75	0	0	3/4	1	1	3/16		1/8	3/2		5	71	B4	4	395
54	53	313/2	313/2	0.75	0	0	3/4	1	1	3/16		1/8	3/2		2	74	D5	5	395
54	53	629/4	629/4	0.25	3/16	3/16	3/4	1	1	1/16		1/16	1		0	72	C5	5	396
54	53	629/4	629/4	0.25	3/16	3/16	3/4	1	1	1/16		1/16	1		4	76	E5	5	396
54	53	315/2	315/2	1.0	1/4	1/4	3/4	2	1	1/4		1/4	1		2	50	D3	3	400
54	53	315/2	315/2	1.0	1/4	1/4	3/4	2	1	1/4		1/4	1		5	59	B3	3	400
54	53	315/2	315/2	1.5	1/4	1/4	3/4	1	1	3/8		1/4	3/2		1	67	G4	4	397
54	53	315/2	315/2	1.5	1/4	1/4	3/4	1	1	3/8		1/4	3/2		5	71	B4	4	397
54	53	317/2	317/2	1.0	1/2	1/2	3/4	2	1	1/4		1/4	1		2	50	D3	3	401
54	53	317/2	317/2	1.0	1/2	1/2	3/4	2	1	1/4		1/4	1		5	59	B3	3	401
54	53	159	159	0.5	5/8	5/8	3/4	1	1	1/8		1/8	1		3	69	A4	4	398
54	53	159	159	0.5	5/8	5/8	3/4	1	1	1/8		1/8	1		0	72	C5	5	398
55	54	319/2	319/2	1.0	0	0	3/4	2	1	1/4		1/4	1		1	43	G2	2	406
55	54	319/2	319/2	3.0	0	0	3/4	2	2	3/4		1/2	3/2		1	43	G2	2	409
55	54	319/2	319/2	0.5	0	0	3/4	1	1	1/8		1/8	1		0	72	C5	5	403
55	54	319/2	319/2	0.5	0	0	3/4	1	1	1/8		1/8	1		4	76	E5	5	403
55	54	641/4	641/4	0.25	3/16	3/16	3/4	1	1	1/16		1/16	1		5	71	B4	4	404
55	54	641/4	641/4	0.25	3/16	3/16	3/4	1	1	1/16		1/16	1		2	74	D5	5	404
55	54	321/2	321/2	1.0	1/4	1/4	3/4	2	1	1/4		1/4	1		2	50	D3	3	407
55	54	321/2	321/2	1.0	1/4	1/4	3/4	2	1	1/4		1/4	1		5	59	B3	3	407
55	54	321/2	321/2	2.0	1/4	1/4	3/4	1	1	1/2		1/2	1		1	67	G4	4	405
55	54	321/2	321/2	2.0	1/4	1/4	3/4	1	1	1/2		1/2	1		5	71	B4	4	405
55	54	323/2	323/2	1.0	1/2	1/2	3/4	2	1	1/4		1/4	1		2	50	D3	3	408
55	54	323/2	323/2	1.0	1/2	1/2	3/4	2	1	1/4		1/4	1		5	59	B3	3	408
56	55	325/2	325/2	0.0	0	0	3/4	1	1	0	grace16	1/16	1		5	71	B4	4	410
56	55	325/2	325/2	0.0	0	0	3/4	1	1	0	grace16	1/16	1		2	74	D5	5	410
56	55	325/2	325/2	0.0	0	0	3/4	1	1	0	grace16	1/16	1		4	76	E5	5	411
56	55	325/2	325/2	1.0	0	0	3/4	2	1	1/4		1/4	1		1	43	G2	2	418
56	55	325/2	325/2	3.0	0	0	3/4	2	2	3/4		1/2	3/2		1	43	G2	2	421
56	55	325/2	325/2	0.5	0	0	3/4	1	1	1/8		1/8	1		5	71	B4	4	412
56	55	325/2	325/2	0.5	0	0	3/4	1	1	1/8		1/8	1		2	74	D5	5	412
56	55	163	163	0.5	1/8	1/8	3/4	1	1	1/8		1/8	1		10	70	A#4	4	413
56	55	163	163	0.5	1/8	1/8	3/4	1	1	1/8		1/8	1		7	73	C#5	5	413
56	55	327/2	327/2	1.0	1/4	1/4	3/4	2	1	1/4		1/4	1		2	50	D3	3	419
56	55	327/2	327/2	1.0	1/4	1/4	3/4	2	1	1/4		1/4	1		5	59	B3	3	419
56	55	327/2	327/2	0.5	1/4	1/4	3/4	1	1	1/8		1/8	1		5	71	B4	4	414
56	55	327/2	327/2	0.5	1/4	1/4	3/4	1	1	1/8		1/8	1		2	74	D5	5	414
56	55	164	164	0.5	3/8	3/8	3/4	1	1	1/8		1/8	1		0	72	C5	5	415
56	55	164	164	0.5	3/8	3/8	3/4	1	1	1/8		1/8	1		4	76	E5	5	415
56	55	329/2	329/2	1.0	1/2	1/2	3/4	2	1	1/4		1/4	1		2	50	D3	3	420
56	55	329/2	329/2	1.0	1/2	1/2	3/4	2	1	1/4		1/4	1		5	59	B3	3	420
56	55	329/2	329/2	0.5	1/2	1/2	3/4	1	1	1/8		1/8	1		1	67	G4	4	416
56	55	329/2	329/2	0.5	1/2	1/2	3/4	1	1	1/8		1/8	1		5	71	B4	4	416
56	55	165	165	0.5	5/8	5/8	3/4	1	1	1/8		1/8	1		3	69	A4	4	417
56	55	165	165	0.5	5/8	5/8	3/4	1	1	1/8		1/8	1		0	72	C5	5	417
57	56	331/2	331/2	1.0	0	0	3/4	2	1	1/4		1/4	1		1	43	G2	2	425
57	56	331/2	331/2	0.5	0	0	3/4	1	1	1/8		1/8	1		0	72	C5	5	422
57	56	331/2	331/2	0.5	0	0	3/4	1	1	1/8		1/8	1		4	76	E5	5	422
57	56	665/4	665/4	0.25	3/16	3/16	3/4	1	1	1/16		1/16	1		5	71	B4	4	423
57	56	665/4	665/4	0.25	3/16	3/16	3/4	1	1	1/16		1/16	1		2	74	D5	5	423
57	56	333/2	333/2	1.0	1/4	1/4	3/4	2	1	1/4		1/4	1		2	50	D3	3	426
57	56	333/2	333/2	1.0	1/4	1/4	3/4	2	1	1/4		1/4	1		5	59	B3	3	426
57	56	333/2	333/2	1.0	1/4	1/4	3/4	1	1	1/4		1/4	1		1	67	G4	4	424
57	56	333/2	333/2	1.0	1/4	1/4	3/4	1	1	1/4		1/4	1		5	71	B4	4	424
57	56	333/2	333/2	1.0	1/4	1/4	3/4	1	1	1/4		1/4	1		1	79	G5	5	424
58	57	337/2	337/2	1.0	0	0	3/4	2	1	1/4		1/4	1		5	35	B1	1	432
58	57	337/2	337/2	1.0	0	0	3/4	2	1	1/4		1/4	1		6	42	F#2	2	432
58	57	337/2	337/2	1.0	0	0	3/4	2	1	1/4		1/4	1		5	47	B2	2	432
58	57	337/2	337/2	1.0	0	0	3/4	1	1	1/4		1/4	1		3	69	A4	4	427
58	57	337/2	337/2	1.0	0	0	3/4	1	1	1/4		1/4	1		5	71	B4	4	427
58	57	337/2	337/2	1.0	0	0	3/4	1	1	1/4		1/4	1		9	75	D#5	5	427
58	57	337/2	337/2	1.0	0	0	3/4	1	1	1/4		1/4	1		6	78	F#5	5	427
58	57	337/2	337/2	1.0	0	0	3/4	1	1	1/4		1/4	1		5	83	B5	5	427
58	57	339/2	339/2	2.0	1/4	1/4	3/4	2	1	1/2		1/2	1		5	59	B3	3	433
58	57	339/2	339/2	2.0	1/4	1/4	3/4	2	1	1/2		1/2	1		9	63	D#4	4	433
58	57	339/2	339/2	2.0	1/4	1/4	3/4	2	1	1/2		1/2	1		3	69	A4	4	433
58	57	339/2	339/2	0.5	1/4	1/4	3/4	1	1	1/8		1/8	1		0	72	C5	5	428
58	57	170	170	0.5	3/8	3/8	3/4	1	1	1/8		1/8	1		5	71	B4	4	429
58	57	341/2	341/2	0.5	1/2	1/2	3/4	1	1	1/8		1/8	1		7	73	C#5	5	430
58	57	171	171	0.5	5/8	5/8	3/4	1	1	1/8		1/8	1		9	75	D#5	5	431
59	58	343/2	343/2	1.0	0	0	3/4	2	1	1/4		1/4	1		4	52	E3	3	440
59	58	343/2	343/2	0.5	0	0	3/4	1	1	1/8		1/8	1		6	78	F#5	5	434
59	58	689/4	689/4	0.25	3/16	3/16	3/4	1	1	1/16		1/16	1		4	76	E5	5	435
59	58	345/2	345/2	1.0	1/4	1/4	3/4	2	1	1/4		1/4	1		1	55	G3	3	441
59	58	345/2	345/2	1.0	1/4	1/4	3/4	2	1	1/4		1/4	1		5	59	B3	3	441
59	58	345/2	345/2	1.0	1/4	1/4	3/4	2	1	1/4		1/4	1		4	64	E4	4	441
59	58	345/2	345/2	0.5	1/4	1/4	3/4	1	1	1/8		1/8	1		1	79	G5	5	436
59	58	693/4	693/4	0.25	7/16	7/16	3/4	1	1	1/16		1/16	1		10	82	A#5	5	437
59	58	347/2	347/2	1.0	1/2	1/2	3/4	2	1	1/4		1/4	1		-3	51	Eb3	3	442
59	58	347/2	347/2	1.0	1/2	1/2	3/4	2	1	1/4		1/4	1		1	55	G3	3	442
59	58	347/2	347/2	1.0	1/2	1/2	3/4	2	1	1/4		1/4	1		0	60	C4	4	442
59	58	347/2	347/2	0.5	1/2	1/2	3/4	1	1	1/8		1/8	1		5	83	B5	5	438
59	58	174	174	0.5	5/8	5/8	3/4	1	1	1/8		1/8	1		0	84	C6	6	439
60	59	349/2	349/2	1.0	0	0	3/4	2	1	1/4		1/4	1		2	50	D3	3	449
60	59	349/2	349/2	0.5	0	0	3/4	1	1	1/8		1/8	1		7	85	C#6	6	443
60	59	175	175	0.5	1/8	1/8	3/4	1	1	1/8		1/8	1		2	86	D6	6	444
60	59	351/2	351/2	1.0	1/4	1/4	3/4	2	1	1/4		1/4	1		3	57	A3	3	450
60	59	351/2	351/2	1.0	1/4	1/4	3/4	2	1	1/4		1/4	1		0	60	C4	4	450
60	59	351/2	351/2	1.0	1/4	1/4	3/4	2	1	1/4		1/4	1		6	66	F#4	4	450
60	59	351/2	351/2	0.5	1/4	1/4	3/4	1	1	1/8		1/8	1		9	87	D#6	6	445
60	59	176	176	0.5	3/8	3/8	3/4	1	1	1/8		1/8	1		4	88	E6	6	446
60	59	353/2	353/2	1.0	1/2	1/2	3/4	2	1	1/4		1/4	1		2	50	D3	3	451
60	59	353/2	353/2	0.5	1/2	1/2	3/4	1	1	1/8		1/8	1		11	89	E#6	6	447
60	59	177	177	0.5	5/8	5/8	3/4	1	1	1/8		1/8	1		6	90	F#6	6	448
61	60	355/2	355/2	1.0	0	0	3/4	2	1	1/4		1/4	1		1	43	G2	2	457
61	60	355/2	355/2	0.5	0	0	3/4	1	1	1/8		1/8	1		3	93	A6	6	452
61	60	713/4	713/4	0.25	3/16	3/16	3/4	1	1	1/16		1/16	1		1	91	G6	6	453
61	60	357/2	357/2	1.0	1/4	1/4	3/4	2	1	1/4		1/4	1		1	55	G3	3	458
61	60	357/2	357/2	1.0	1/4	1/4	3/4	2	1	1/4		1/4	1		2	62	D4	4	458
61	60	357/2	357/2	1.0	1/4	1/4	3/4	2	1	1/4		1/4	1		5	71	B4	4	458
61	60	357/2	357/2	0.5	1/4	1/4	3/4	1	1	1/8		1/8	1		1	79	G5	5	454
61	60	359/2	359/2	0.5	1/2	1/2	3/4	1	1	1/8		1/8	1		6	78	F#5	5	455
61	60	180	180	0.5	5/8	5/8	3/4	1	1	1/8		1/8	1		1	79	G5	5	456
62	61	361/2	361/2	1.0	0	0	3/4	2	1	1/4		1/4	1		3	45	A2	2	465
62	61	361/2	361/2	1.0	0	0	3/4	2	1	1/4		1/4	1		3	57	A3	3	465
62	61	361/2	361/2	0.5	0	0	3/4	1	2	1/8		1/8	1		1	67	G4	4	463
62	61	361/2	361/2	0.5	0	0	3/4	1	2	1/8		1/8	1		7	73	C#5	5	463
62	61	361/2	361/2	0.5	0	0	3/4	1	1	1/8		1/8	1		3	81	A5	5	459
62	61	363/2	363/2	1.0	1/4	1/4	3/4	2	1	1/4		1/4	1		3	57	A3	3	466
62	61	363/2	363/2	1.0	1/4	1/4	3/4	2	1	1/4		1/4	1		7	61	C#4	4	466
62	61	363/2	363/2	1.0	1/4	1/4	3/4	2	1	1/4		1/4	1		1	67	G4	4	466
62	61	363/2	363/2	2.0	1/4	1/4	3/4	1	2	1/2		1/2	1	1	3	69	A4	4	464
62	61	363/2	363/2	1.0	1/4	1/4	3/4	1	1	1/4		1/4	1		4	76	E5	5	460
62	61	365/2	365/2	1.0	1/2	1/2	3/4	2	1	1/4		1/4	1		3	57	A3	3	467
62	61	365/2	365/2	1.0	1/2	1/2	3/4	2	1	1/4		1/4	1		7	61	C#4	4	467
62	61	365/2	365/2	1.0	1/2	1/2	3/4	2	1	1/4		1/4	1		1	67	G4	4	467
62	61	365/2	365/2	0.5	1/2	1/2	3/4	1	1	1/8		1/8	1		6	78	F#5	5	461
62	61	183	183	0.5	5/8	5/8	3/4	1	1	1/8		1/8	1		4	76	E5	5	462
63	62	367/2	367/2	1.0	0	0	3/4	2	1	1/4		1/4	1		3	57	A3	3	474
63	62	367/2	367/2	1.0	0	0	3/4	2	1	1/4		1/4	1		12	60	B#3	3	474
63	62	367/2	367/2	1.0	0	0	3/4	2	1	1/4		1/4	1		6	66	F#4	4	474
63	62	367/2	367/2	2.0	0	0	3/4	1	2	1/2		1/2	1	-1	3	69	A4	4	472
63	62	367/2	367/2	0.5	0	0	3/4	1	1	1/8		1/8	1		9	75	D#5	5	468
63	62	737/4	737/4	0.25	3/16	3/16	3/4	1	1	1/16		1/16	1		3	69	A4	4	469
63	62	369/2	369/2	1.0	1/4	1/4	3/4	2	1	1/4		1/4	1		3	57	A3	3	475
63	62	369/2	369/2	1.0	1/4	1/4	3/4	2	1	1/4		1/4	1		12	60	B#3	3	475
63	62	369/2	369/2	1.0	1/4	1/4	3/4	2	1	1/4		1/4	1		6	66	F#4	4	475
63	62	369/2	369/2	1.0	1/4	1/4	3/4	1	1	1/4		1/4	1		9	75	D#5	5	470
63	62	371/2	371/2	1.0	1/2	1/2	3/4	2	1	1/4		1/4	1		3	57	A3	3	476
63	62	371/2	371/2	1.0	1/2	1/2	3/4	2	1	1/4		1/4	1		7	61	C#4	4	476
63	62	371/2	371/2	1.0	1/2	1/2	3/4	2	1	1/4		1/4	1		1	67	G4	4	476
63	62	371/2	371/2	1.0	1/2	1/2	3/4	1	2	1/4		1/4	1		3	69	A4	4	473
63	62	371/2	371/2	1.0	1/2	1/2	3/4	1	1	1/4		1/4	1		4	76	E5	5	471
64	63	373/2	373/2	1.0	0	0	3/4	2	1	1/4		1/4	1		3	45	A2	2	483
64	63	373/2	373/2	3.0	0	0	3/4	1	2	3/4		1/2	3/2		3	69	A4	4	482
64	63	373/2	373/2	0.5	0	0	3/4	1	1	1/8		1/8	1		3	81	A5	5	477
64	63	749/4	749/4	0.25	3/16	3/16	3/4	1	1	1/16		1/16	1		5	83	B5	5	478
64	63	375/2	375/2	1.0	1/4	1/4	3/4	2	1	1/4		1/4	1		3	57	A3	3	484
64	63	375/2	375/2	1.0	1/4	1/4	3/4	2	1	1/4		1/4	1		7	61	C#4	4	484
64	63	375/2	375/2	1.0	1/4	1/4	3/4	2	1	1/4		1/4	1		1	67	G4	4	484
64	63	375/2	375/2	1.0	1/4	1/4	3/4	1	1	1/4		1/4	1		1	79	G5	5	479
64	63	377/2	377/2	1.0	1/2	1/2	3/4	2	1	1/4		1/4	1		3	57	A3	3	485
64	63	377/2	377/2	1.0	1/2	1/2	3/4	2	1	1/4		1/4	1		7	61	C#4	4	485
64	63	377/2	377/2	1.0	1/2	1/2	3/4	2	1	1/4		1/4	1		1	67	G4	4	485
64	63	377/2	377/2	0.5	1/2	1/2	3/4	1	1	1/8		1/8	1		6	78	F#5	5	480
64	63	189	189	0.5	5/8	5/8	3/4	1	1	1/8		1/8	1		4	76	E5	5	481
65	64	379/2	379/2	1.0	0	0	3/4	2	1	1/4		1/4	1		3	57	A3	3	492
65	64	379/2	379/2	1.0	0	0	3/4	2	1	1/4		1/4	1		12	60	B#3	3	492
65	64	379/2	379/2	1.0	0	0	3/4	2	1	1/4		1/4	1		6	66	F#4	4	492
65	64	379/2	379/2	2.0	0	0	3/4	1	2	1/2		1/2	1		3	69	A4	4	490
65	64	379/2	379/2	0.5	0	0	3/4	1	1	1/8		1/8	1		9	75	D#5	5	486
65	64	761/4	761/4	0.25	3/16	3/16	3/4	1	1	1/16		1/16	1		3	69	A4	4	487
65	64	381/2	381/2	1.0	1/4	1/4	3/4	2	1	1/4		1/4	1		3	57	A3	3	493
65	64	381/2	381/2	1.0	1/4	1/4	3/4	2	1	1/4		1/4	1		12	60	B#3	3	493
65	64	381/2	381/2	1.0	1/4	1/4	3/4	2	1	1/4		1/4	1		6	66	F#4	4	493
65	64	381/2	381/2	1.0	1/4	1/4	3/4	1	1	1/4		1/4	1		9	75	D#5	5	488
65	64	383/2	383/2	1.0	1/2	1/2	3/4	2	1	1/4		1/4	1		3	57	A3	3	494
65	64	383/2	383/2	1.0	1/2	1/2	3/4	2	1	1/4		1/4	1		7	61	C#4	4	494
65	64	383/2	383/2	1.0	1/2	1/2	3/4	2	1	1/4		1/4	1		1	67	G4	4	494
65	64	383/2	383/2	1.0	1/2	1/2	3/4	1	2	1/4		1/4	1		3	69	A4	4	491
65	64	383/2	383/2	1.0	1/2	1/2	3/4	1	1	1/4		1/4	1		4	76	E5	5	489
66	65	385/2	385/2	0.0	0	0	3/4	1	1	0	acciaccatura	1/8	1		7	73	C#5	5	495
66	65	385/2	385/2	0.5	0	0	3/4	2	1	1/8		1/8	1		10	58	A#3	3	501
66	65	385/2	385/2	0.5	0	0	3/4	2	1	1/8		1/8	1		7	61	C#4	4	501
66	65	385/2	385/2	0.5	0	0	3/4	2	1	1/8		1/8	1		4	64	E4	4	501
66	65	385/2	385/2	0.5	0	0	3/4	2	1	1/8		1/8	1		1	67	G4	4	501
66	65	385/2	385/2	0.5	0	0	3/4	1	1	1/8		1/8	1		1	79	G5	5	496
66	65	773/4	773/4	0.25	3/16	3/16	3/4	1	1	1/16		1/16	1		6	78	F#5	5	497
66	65	387/2	387/2	1.0	1/4	1/4	3/4	2	1	1/4		1/4	1		10	58	A#3	3	502
66	65	387/2	387/2	1.0	1/4	1/4	3/4	2	1	1/4		1/4	1		4	64	E4	4	502
66	65	387/2	387/2	1.0	1/4	1/4	3/4	2	1	1/4		1/4	1		6	66	F#4	4	502
66	65	387/2	387/2	1.0	1/4	1/4	3/4	1	1	1/4		1/4	1		7	73	C#5	5	498
66	65	389/2	389/2	1.0	1/2	1/2	3/4	2	1	1/4		1/4	1		10	58	A#3	3	503
66	65	389/2	389/2	1.0	1/2	1/2	3/4	2	1	1/4		1/4	1		4	64	E4	4	503
66	65	389/2	389/2	1.0	1/2	1/2	3/4	2	1	1/4		1/4	1		6	66	F#4	4	503
66	65	389/2	389/2	0.75	1/2	1/2	3/4	1	1	3/16		1/8	3/2		12	72	B#4	4	499
66	65	781/4	781/4	0.25	11/16	11/16	3/4	1	1	1/16		1/16	1		7	73	C#5	5	500
67	66	391/2	391/2	1.0	0	0	3/4	2	1	1/4		1/4	1		5	59	B3	3	509
67	66	391/2	391/2	1.0	0	0	3/4	2	1	1/4		1/4	1		2	62	D4	4	509
67	66	391/2	391/2	1.0	0	0	3/4	2	1	1/4		1/4	1		6	66	F#4	4	509
67	66	391/2	391/2	0.5	0	0	3/4	1	1	1/8		1/8	1		4	76	E5	5	504
67	66	785/4	785/4	0.25	3/16	3/16	3/4	1	1	1/16		1/16	1		2	74	D5	5	505
67	66	393/2	393/2	1.0	1/4	1/4	3/4	2	1	1/4		1/4	1		5	59	B3	3	510
67	66	393/2	393/2	1.0	1/4	1/4	3/4	2	1	1/4		1/4	1		2	62	D4	4	510
67	66	393/2	393/2	1.0	1/4	1/4	3/4	2	1	1/4		1/4	1		6	66	F#4	4	510
67	66	393/2	393/2	1.0	1/4	1/4	3/4	1	1	1/4		1/4	1		5	71	B4	4	506
67	66	395/2	395/2	1.0	1/2	1/2	3/4	2	1	1/4		1/4	1		8	56	G#3	3	511
67	66	395/2	395/2	1.0	1/2	1/2	3/4	2	1	1/4		1/4	1		2	62	D4	4	511
67	66	395/2	395/2	1.0	1/2	1/2	3/4	2	1	1/4		1/4	1		-1	65	F4	4	511
67	66	395/2	395/2	0.75	1/2	1/2	3/4	1	1	3/16		1/8	3/2		7	73	C#5	5	507
67	66	793/4	793/4	0.25	11/16	11/16	3/4	1	1	1/16		1/16	1		5	71	B4	4	508
68	67	397/2	397/2	1.0	0	0	3/4	2	1	1/4		1/4	1		3	57	A3	3	518
68	67	397/2	397/2	1.0	0	0	3/4	2	1	1/4		1/4	1		2	62	D4	4	518
68	67	397/2	397/2	1.0	0	0	3/4	2	1	1/4		1/4	1		4	64	E4	4	518
68	67	397/2	397/2	0.5	0	0	3/4	1	1	1/8		1/8	1		3	69	A4	4	512
68	67	199	199	0.5	1/8	1/8	3/4	1	1	1/8		1/8	1		8	68	G#4	4	513
68	67	399/2	399/2	1.0	1/4	1/4	3/4	2	1	1/4		1/4	1		3	57	A3	3	519
68	67	399/2	399/2	1.0	1/4	1/4	3/4	2	1	1/4		1/4	1		7	61	C#4	4	519
68	67	399/2	399/2	1.0	1/4	1/4	3/4	2	1	1/4		1/4	1		4	64	E4	4	519
68	67	399/2	399/2	0.5	1/4	1/4	3/4	1	1	1/8		1/8	1		3	69	A4	4	514
68	67	200	200	0.5	3/8	3/8	3/4	1	1	1/8		1/8	1		5	83	B5	5	515
68	67	401/2	401/2	1.0	1/2	1/2	3/4	2	1	1/4		1/4	1		3	57	A3	3	520
68	67	401/2	401/2	1.0	1/2	1/2	3/4	2	1	1/4		1/4	1		7	61	C#4	4	520
68	67	401/2	401/2	1.0	1/2	1/2	3/4	2	1	1/4		1/4	1		1	67	G4	4	520
68	67	401/2	401/2	0.5	1/2	1/2	3/4	1	1	1/8		1/8	1		3	81	A5	5	516
68	67	201	201	0.5	5/8	5/8	3/4	1	1	1/8		1/8	1		4	76	E5	5	517
69	68	403/2	403/2	1.0	0	0	3/4	2	1	1/4		1/4	1		2	50	D3	3	524
69	68	403/2	403/2	0.75	0	0	3/4	1	1	3/16		1/8	3/2		1	79	G5	5	521
69	68	809/4	809/4	0.25	3/16	3/16	3/4	1	1	1/16		1/16	1		6	78	F#5	5	522
69	68	405/2	405/2	1.0	1/4	1/4	3/4	2	1	1/4		1/4	1		3	57	A3	3	525
69	68	405/2	405/2	1.0	1/4	1/4	3/4	2	1	1/4		1/4	1		6	66	F#4	4	525
69	68	405/2	405/2	1.0	1/4	1/4	3/4	1	1	1/4		1/4	1		2	74	D5	5	523
